issue_id,priority,phase,routes,component,evidence_type,problem,required_change,likely_files,acceptance,source_refs,depends_on,status,owner,commit,result_evidence,notes
G01,P2,2,ALL_THEORY,Font nội dung từ heading Chương xuống,OBSERVED_DESKTOP,Nhiều prose/ghi chú dùng 12–13.6px; hệ chữ khác nhau giữa các môn.,"Prose mục tiêu 16px, line-height 1.65–1.75, note khoảng 15px, nhãn phụ >=13px; dài tối đa khoảng 75–78ch. Scope đúng vùng đọc; kiểm computed style vì shared.css đứng trước local CSS.",shared.css | edu-header.js | edu-study.js | NhapMonLuatHoc.html | KinhTeChinhTriMacLeNin.html | KE_TOAN_TAI_CHINH.html | NGUYEN_LY_KE_TOAN.html | KINH_TE_QUOC_TE.html | TAI_CHINH_CA_NHAN.html | NGUYEN_LY_THI_TRUONG_TAI_CHINH.html | LUAT_THUONG_MAI_QUOC_TE.html | VAN_HOA_VA_DAO_DUC_TRONG_KINH_DOANH_QUOC_TE.html | PHAT_TRIEN_BEN_VUNG.html | SANG_TAO_KHOI_NGHIEP.html | TAM_LY_UNG_DUNG.html,"Đủ 82 tab ở bốn viewport; dấu tiếng Việt đúng, đoạn dài dễ đọc, bảng/sơ đồ không bị tăng chữ hàng loạt.",baseline/live-study-audit.json; baseline/responsive-review.md,,VERIFIED_FIXED,Codex,2f6eadb67fd1d5e07e58f4684dab5812002458f2,implementation/visual-review.json; implementation/practice-visual-review.json; evidence/after/render/results.json; evidence/after/targeted/results.json; evidence/after/accessibility/results.json; evidence/after/logs/runbook-results.json; implementation/edit-journal.json,"Implemented, tested and explicitly inspected in whole-body/scoped replacement images. No remaining mandatory work."
G02,P2,2,ALL_THEORY,Heading chương và module,OBSERVED_DESKTOP,Heading khác màu/cỡ giữa các module; mức quan trọng khó phân biệt.,"Hero 28–34px; chương 24–28px desktop, 22–24px phone; module 20–22px. Đồng bộ .chapter-title/.section-title/.panel-title/.learn-title và h3 trong module/section-head. Cho phép tiêu đề dài wrap.",shared.css | edu-header.js | edu-study.js | NhapMonLuatHoc.html | KinhTeChinhTriMacLeNin.html | KE_TOAN_TAI_CHINH.html | NGUYEN_LY_KE_TOAN.html | KINH_TE_QUOC_TE.html | TAI_CHINH_CA_NHAN.html | NGUYEN_LY_THI_TRUONG_TAI_CHINH.html | LUAT_THUONG_MAI_QUOC_TE.html | VAN_HOA_VA_DAO_DUC_TRONG_KINH_DOANH_QUOC_TE.html | PHAT_TRIEN_BEN_VUNG.html | SANG_TAO_KHOI_NGHIEP.html | TAM_LY_UNG_DUNG.html,"Heading cùng cấp đồng bộ; không cắt glyph, không chiếm quá nhiều màn hình phone; cấu trúc h1/h2/h3 hợp lý.",baseline/live-study-audit.json,G01,VERIFIED_FIXED,Codex,2f6eadb67fd1d5e07e58f4684dab5812002458f2,implementation/visual-review.json; implementation/practice-visual-review.json; evidence/after/render/results.json; evidence/after/targeted/results.json; evidence/after/accessibility/results.json; evidence/after/logs/runbook-results.json; implementation/edit-journal.json,"Implemented, tested and explicitly inspected in whole-body/scoped replacement images. No remaining mandatory work."
G03,P2,2,ALL_THEORY,Palette và tương phản,OBSERVED_DESKTOP,Nền/heading/tông màu trang không đồng bộ; vài panel trang trí quá nặng.,"Dùng palette ghi trong DESIGN-SPEC.txt, scope theo vai trò. Chữ thường tương phản >=4.5:1; giữ màu đúng/sai/cảnh báo, màu nhóm trong đồ thị.",shared.css | edu-header.js | edu-study.js | NhapMonLuatHoc.html | KinhTeChinhTriMacLeNin.html | KE_TOAN_TAI_CHINH.html | NGUYEN_LY_KE_TOAN.html | KINH_TE_QUOC_TE.html | TAI_CHINH_CA_NHAN.html | NGUYEN_LY_THI_TRUONG_TAI_CHINH.html | LUAT_THUONG_MAI_QUOC_TE.html | VAN_HOA_VA_DAO_DUC_TRONG_KINH_DOANH_QUOC_TE.html | PHAT_TRIEN_BEN_VUNG.html | SANG_TAO_KHOI_NGHIEP.html | TAM_LY_UNG_DUNG.html,Không còn chữ trắng trên surface trắng; trạng thái và nhóm kiến thức vẫn phân biệt được; có số đo tương phản đại diện.,baseline/live-study-audit.json; baseline/modern-source-review.txt,G01,VERIFIED_FIXED,Codex,2f6eadb67fd1d5e07e58f4684dab5812002458f2,implementation/visual-review.json; implementation/practice-visual-review.json; evidence/after/render/results.json; evidence/after/targeted/results.json; evidence/after/accessibility/results.json; evidence/after/logs/runbook-results.json; implementation/edit-journal.json,"Implemented, tested and explicitly inspected in whole-body/scoped replacement images. No remaining mandatory work."
G04,P2,2,ALL_THEORY,"Card, spacing và grid lồng",OBSERVED_DESKTOP_AND_SOURCE_RISK,"Card dày, hẹp hoặc cao cố định; mở rộng font có thể gây overflow.","Padding 16–24px, gap 16–24px, radius 12–16px; height tự nhiên, min-width:0; phone một cột cho prose dài. Kiểm cả card lồng, không chỉ viewport.",shared.css | edu-header.js | edu-study.js | NhapMonLuatHoc.html | KinhTeChinhTriMacLeNin.html | KE_TOAN_TAI_CHINH.html | NGUYEN_LY_KE_TOAN.html | KINH_TE_QUOC_TE.html | TAI_CHINH_CA_NHAN.html | NGUYEN_LY_THI_TRUONG_TAI_CHINH.html | LUAT_THUONG_MAI_QUOC_TE.html | VAN_HOA_VA_DAO_DUC_TRONG_KINH_DOANH_QUOC_TE.html | PHAT_TRIEN_BEN_VUNG.html | SANG_TAO_KHOI_NGHIEP.html | TAM_LY_UNG_DUNG.html,"Đủ chữ, không overlap/cắt; layout cao tự nhiên; không dùng overflow:hidden hoặc giảm font để che lỗi.",baseline/responsive-review.md; baseline/modern-source-review.txt,G01|G02,VERIFIED_FIXED,Codex,2f6eadb67fd1d5e07e58f4684dab5812002458f2,implementation/visual-review.json; implementation/practice-visual-review.json; evidence/after/render/results.json; evidence/after/targeted/results.json; evidence/after/accessibility/results.json; evidence/after/logs/runbook-results.json; implementation/edit-journal.json,"Implemented, tested and explicitly inspected in whole-body/scoped replacement images. No remaining mandatory work."
G05,P2,2,ALL_THEORY,"Thanh chọn chương, tab cuối",OBSERVED_DESKTOP,"NLKT nav nội dung khoảng1360px nhưng khung1216px, tab cuối không có dấu hiệu để tìm.","Desktop có cue và nút cuộn; phone picker hoặc strip dễ dùng. Giữ #nav-menu, chapter IDs, data-edu-tab, onTabChange và mọi tab; đồng bộ active/picker.",shared.css | edu-header.js | edu-study.js | NhapMonLuatHoc.html | KinhTeChinhTriMacLeNin.html | KE_TOAN_TAI_CHINH.html | NGUYEN_LY_KE_TOAN.html | KINH_TE_QUOC_TE.html | TAI_CHINH_CA_NHAN.html | NGUYEN_LY_THI_TRUONG_TAI_CHINH.html | LUAT_THUONG_MAI_QUOC_TE.html | VAN_HOA_VA_DAO_DUC_TRONG_KINH_DOANH_QUOC_TE.html | PHAT_TRIEN_BEN_VUNG.html | SANG_TAO_KHOI_NGHIEP.html | TAM_LY_UNG_DUNG.html,"Chọn đầu/giữa/cuối, sau cuộn sâu, keyboard/touch; resize767/768; focus rõ; active nằm trong vùng nhìn; regression vẫn kiểm strip HOẶC picker hiện.",baseline/live-study-audit.json; evidence/before/NLKT-flashcard.jpg,G01,VERIFIED_FIXED,Codex,2f6eadb67fd1d5e07e58f4684dab5812002458f2,implementation/visual-review.json; implementation/practice-visual-review.json; evidence/after/render/results.json; evidence/after/targeted/results.json; evidence/after/accessibility/results.json; evidence/after/logs/runbook-results.json; implementation/edit-journal.json,"Implemented, tested and explicitly inspected in whole-body/scoped replacement images. No remaining mandatory work."
G06,P2,2,ALL_THEORY,Sticky header và offset,OBSERVED_DESKTOP_AND_SOURCE_RISK,NLTTTC Ch2 heading cách header khoảng3px; đổi tab sau cuộn sâu cần khoảng thở. Chưa chứng minh overlap.,Tính offset từ phần header thực sự hiện; thêm khoảng cách đọc phù hợp; kiểm sau fonts/animation ổn định và tên account dài/online count4 chữ số bằng fixture.,shared.css | edu-header.js | edu-study.js | NhapMonLuatHoc.html | KinhTeChinhTriMacLeNin.html | KE_TOAN_TAI_CHINH.html | NGUYEN_LY_KE_TOAN.html | KINH_TE_QUOC_TE.html | TAI_CHINH_CA_NHAN.html | NGUYEN_LY_THI_TRUONG_TAI_CHINH.html | LUAT_THUONG_MAI_QUOC_TE.html | VAN_HOA_VA_DAO_DUC_TRONG_KINH_DOANH_QUOC_TE.html | PHAT_TRIEN_BEN_VUNG.html | SANG_TAO_KHOI_NGHIEP.html | TAM_LY_UNG_DUNG.html,Heading không nằm dưới header; anchor/TOC focus đúng; không bị header nhảy/chen tại320/390/767/768/1366.,baseline/audit-verification-notes.json; baseline/responsive-review.md; evidence/before/NLTTTC-chapter-offset.jpg,G05,VERIFIED_FIXED,Codex,2f6eadb67fd1d5e07e58f4684dab5812002458f2,implementation/visual-review.json; implementation/practice-visual-review.json; evidence/after/render/results.json; evidence/after/targeted/results.json; evidence/after/accessibility/results.json; evidence/after/logs/runbook-results.json; implementation/edit-journal.json,"Implemented, tested and explicitly inspected in whole-body/scoped replacement images. No remaining mandatory work."
G07,P2,3,ALL_THEORY,Mục lục trong chương dài,OBSERVED_DESKTOP,Một số tab dài8–11nghìnpx gây khó tìm khối và quay lại nội dung.,"Thêm details Trong chương này từ các heading hiện có; giữ thứ tự/IDs. Ưu tiên NLKT coa, KTTC ch1/review, TCCN ch4/5/6, KTQT, LTMQT ch1, NLTTTC ch2, VHDD ch2, STKN ch7.",shared.css | edu-header.js | edu-study.js | NhapMonLuatHoc.html | KinhTeChinhTriMacLeNin.html | KE_TOAN_TAI_CHINH.html | NGUYEN_LY_KE_TOAN.html | KINH_TE_QUOC_TE.html | TAI_CHINH_CA_NHAN.html | NGUYEN_LY_THI_TRUONG_TAI_CHINH.html | LUAT_THUONG_MAI_QUOC_TE.html | VAN_HOA_VA_DAO_DUC_TRONG_KINH_DOANH_QUOC_TE.html | PHAT_TRIEN_BEN_VUNG.html | SANG_TAO_KHOI_NGHIEP.html | TAM_LY_UNG_DUNG.html,"Mỗi anchor đến đúng khối dưới sticky header; TOC thu gọn, keyboard được, không sinh ID trùng hoặc đổi thứ tự học.",baseline/live-study-audit.json,G05|G06,VERIFIED_FIXED,Codex,2f6eadb67fd1d5e07e58f4684dab5812002458f2,implementation/visual-review.json; implementation/practice-visual-review.json; evidence/after/render/results.json; evidence/after/targeted/results.json; evidence/after/accessibility/results.json; evidence/after/logs/runbook-results.json; implementation/edit-journal.json,"Implemented, tested and explicitly inspected in whole-body/scoped replacement images. No remaining mandatory work."
G08,P2,3,ALL_THEORY,Bảng/sơ đồ cuộn có chủ đích,SOURCE_RISK,Bảng và sơ đồ min-width620–720px cần cuộn nhưng ít dấu hiệu.,"Giữ wrapper cuộn ngang riêng, thêm cue nhìn thấy trên touch, caption/chú giải và header associations. Chỉ reflow khi không mất quan hệ cột/trục.",shared.css | edu-header.js | edu-study.js | NhapMonLuatHoc.html | KinhTeChinhTriMacLeNin.html | KE_TOAN_TAI_CHINH.html | NGUYEN_LY_KE_TOAN.html | KINH_TE_QUOC_TE.html | TAI_CHINH_CA_NHAN.html | NGUYEN_LY_THI_TRUONG_TAI_CHINH.html | LUAT_THUONG_MAI_QUOC_TE.html | VAN_HOA_VA_DAO_DUC_TRONG_KINH_DOANH_QUOC_TE.html | PHAT_TRIEN_BEN_VUNG.html | SANG_TAO_KHOI_NGHIEP.html | TAM_LY_UNG_DUNG.html,Document không cuộn ngang; wrapper có thể cuộn tới cột cuối; labels/đơn vị/legend nguyên; không ép dữ liệu thành font bé.,baseline/responsive-review.md,G01|G04,VERIFIED_FIXED,Codex,2f6eadb67fd1d5e07e58f4684dab5812002458f2,implementation/visual-review.json; implementation/practice-visual-review.json; evidence/after/render/results.json; evidence/after/targeted/results.json; evidence/after/accessibility/results.json; evidence/after/logs/runbook-results.json; implementation/edit-journal.json,"Implemented, tested and explicitly inspected in whole-body/scoped replacement images. No remaining mandatory work."
G09,P2,3,ALL_THEORY,Accessibility và tương tác học,SOURCE_RISK,"Mở details, lật thẻ, chọn đáp án, sorter/workspace cần kiểm khi tăng chữ.","Control tối thiểu44x44px hoặc có vùng chạm tương đương; input16px; focus-visible, keyboard, aria, reduced-motion; preserve event và state.",shared.css | edu-header.js | edu-study.js | NhapMonLuatHoc.html | KinhTeChinhTriMacLeNin.html | KE_TOAN_TAI_CHINH.html | NGUYEN_LY_KE_TOAN.html | KINH_TE_QUOC_TE.html | TAI_CHINH_CA_NHAN.html | NGUYEN_LY_THI_TRUONG_TAI_CHINH.html | LUAT_THUONG_MAI_QUOC_TE.html | VAN_HOA_VA_DAO_DUC_TRONG_KINH_DOANH_QUOC_TE.html | PHAT_TRIEN_BEN_VUNG.html | SANG_TAO_KHOI_NGHIEP.html | TAM_LY_UNG_DUNG.html,"Tab/Enter/Space và touch hoạt động; không phụ thuộc hover; zoom 200% không mất nội dung; feedback có chữ, không chỉ màu.",baseline/responsive-review.md; baseline/modern-source-review.txt,G01|G04,VERIFIED_FIXED,Codex,2f6eadb67fd1d5e07e58f4684dab5812002458f2,implementation/visual-review.json; implementation/practice-visual-review.json; evidence/after/render/results.json; evidence/after/targeted/results.json; evidence/after/accessibility/results.json; evidence/after/logs/runbook-results.json; implementation/edit-journal.json,"Implemented, tested and explicitly inspected in whole-body/scoped replacement images. No remaining mandatory work."
K01,P1,1,/KTCTMLN,Ch2/3 công thức tĩnh và output máy tính,OBSERVED_DESKTOP,"Lộ $W$, $m'$, \to, \times, L_{pt}, L_{gd} trong bài/output.","Dùng ×, →, sub/sup đúng ký hiệu; sửa từng output cụ thể. Giữ arithmetic, biến, dữ kiện và min/max/step/default. Ghi hunk output-format riêng trong allowlist.",KinhTeChinhTriMacLeNin.html,"Không còn TeX thô trong UI; Ch2 c1000/v200/m200=>1400, M=50x1000/5=>10000.00; cả calculator khác/ch3 so kết quả baseline ở nhiều bộ input hợp lệ.",baseline/live-study-audit.json; evidence/before/KTCT-formula.jpg,,VERIFIED_FIXED,Codex,2f6eadb67fd1d5e07e58f4684dab5812002458f2,implementation/visual-review.json; implementation/practice-visual-review.json; evidence/after/render/results.json; evidence/after/targeted/results.json; evidence/after/accessibility/results.json; evidence/after/logs/runbook-results.json; implementation/edit-journal.json,"Implemented, tested and explicitly inspected in whole-body/scoped replacement images. No remaining mandatory work."
K02,P2,3,/KTCTMLN,Ch2/3 input grid-cols-3,SOURCE_RISK,Hai nhóm input ba cột còn70–80px/field trên phone320px.,Collapse một cột hoặc layout rộng đủ label/value ở phone; output wrap; giữ constraints.,KinhTeChinhTriMacLeNin.html,Nhập số dài và đọc label được320/390; không che submit/result; kết quả không đổi.,baseline/responsive-review.md,K01|G01,VERIFIED_FIXED,Codex,2f6eadb67fd1d5e07e58f4684dab5812002458f2,implementation/visual-review.json; implementation/practice-visual-review.json; evidence/after/render/results.json; evidence/after/targeted/results.json; evidence/after/accessibility/results.json; evidence/after/logs/runbook-results.json; implementation/edit-journal.json,"Implemented, tested and explicitly inspected in whole-body/scoped replacement images. No remaining mandatory work."
A01,P1_VERIFY,3,/NLKT,Flashcard fixed155px,SOURCE_RISK_DESKTOP_FITS,"Hai mặt absolute/height155px; Conservatism desktop153px vừa khung, nguy cơ khi wrap/zoom.","Cho hai mặt tham gia intrinsic sizing (grid overlap) nếu tái hiện hoặc tăng typography; giữ rotateY/backface, handlers, aria.",NGUYEN_LY_KE_TOAN.html,"Hai mặt mọi thẻ, đáp án dài nhất320/390 và zoom 200% đầy đủ, không chồng card kế; click/Enter vẫn flip.",baseline/audit-verification-notes.json; baseline/responsive-review.md; evidence/before/NLKT-flashcard.jpg,G01|G04,VERIFIED_FIXED,Codex,2f6eadb67fd1d5e07e58f4684dab5812002458f2,implementation/visual-review.json; implementation/practice-visual-review.json; evidence/after/render/results.json; evidence/after/targeted/results.json; evidence/after/accessibility/results.json; evidence/after/logs/runbook-results.json; implementation/edit-journal.json,"Implemented, tested and explicitly inspected in whole-body/scoped replacement images. No remaining mandatory work."
A02,P2,3,/NLKT,Chart of Accounts và bảng định khoản,SOURCE_RISK,coa rất dài; tên tài khoản/filter/table hẹp khi tăng chữ.,"Cho tên wrap, controls/full-width phone; bảng cuộn rõ; within-chapter TOC và label Code depth dễ hiểu.",NGUYEN_LY_KE_TOAN.html,"Tra mã dài, clear/filter, tới mục cuối; columns không mất và bộ dữ liệu tài khoản nguyên.",baseline/responsive-review.md; baseline/learner-copy-review.txt,G07|G08,VERIFIED_FIXED,Codex,2f6eadb67fd1d5e07e58f4684dab5812002458f2,implementation/visual-review.json; implementation/practice-visual-review.json; evidence/after/render/results.json; evidence/after/targeted/results.json; evidence/after/accessibility/results.json; evidence/after/logs/runbook-results.json; implementation/edit-journal.json,"Implemented, tested and explicitly inspected in whole-body/scoped replacement images. No remaining mandatory work."
A03,P2,4,/NLKT,"Ch2/6, coa: copy và giới hạn nguồn",SOURCE_REVIEW,Giới hạn tái dựng/threshold/Code depth đang giống ghi chú nội bộ.,"Áp từng before/after trong copy review; nói rõ Company A/B thiếu thông tin, ngưỡng TSCĐ chưa nêu. Giữ khác biệt tên112 và ngày Sep19/18-9; không tự chọn/bổ sung.",NGUYEN_LY_KE_TOAN.html,"Đã xem đủ từng bullet mục3, ghi exact before/after; mức bất định và dữ kiện nguyên.",baseline/learner-copy-review.txt,G01,VERIFIED_FIXED,Codex,2f6eadb67fd1d5e07e58f4684dab5812002458f2,implementation/visual-review.json; implementation/practice-visual-review.json; evidence/after/render/results.json; evidence/after/targeted/results.json; evidence/after/accessibility/results.json; evidence/after/logs/runbook-results.json; implementation/edit-journal.json,"Implemented, tested and explicitly inspected in whole-body/scoped replacement images. No remaining mandatory work."
F01,P2,3,/KTTC,Bảng620–680px và card-head badge,SOURCE_RISK,Bảng cần scroll; badge nowrap có thể bóp heading/card hẹp.,"Giữ .scroll-table, cue; header wrap/badge không đẩy nội dung; flashcards đã intrinsic chỉ kiểm, không chuyển hàng loạt.",KE_TOAN_TAI_CHINH.html,Cột cuối reachable320/390; heading/badge không tràn; flashcard cả hai mặt nguyên.,baseline/responsive-review.md,G08,VERIFIED_FIXED,Codex,2f6eadb67fd1d5e07e58f4684dab5812002458f2,implementation/visual-review.json; implementation/practice-visual-review.json; evidence/after/render/results.json; evidence/after/targeted/results.json; evidence/after/accessibility/results.json; evidence/after/logs/runbook-results.json; implementation/edit-journal.json,"Implemented, tested and explicitly inspected in whole-body/scoped replacement images. No remaining mandatory work."
F02,P2,4,/KTTC,Ch2/3/4/6/review: nhãn nội bộ,SOURCE_REVIEW,Structured/transaction manifest/not verbatim/Snapshot/VERIFIED lộ ra;14badge VERIFIED.,"Đổi theo mục2 copy review: bảng thực hành,33nghiệp vụ, nhãn Công thức; đặt tên thao tác rõ. Giữ33events, ô trống, formulas, giới hạn mãP&L01–60 và lời giải chưa có.",KE_TOAN_TAI_CHINH.html,"Đủ14badge xử lý;33events giữ; exact substitutions, mọi công cụ không được quảng bá đã chấm khi chưa chấm.",baseline/learner-copy-review.txt,G01,VERIFIED_FIXED,Codex,2f6eadb67fd1d5e07e58f4684dab5812002458f2,implementation/visual-review.json; implementation/practice-visual-review.json; evidence/after/render/results.json; evidence/after/targeted/results.json; evidence/after/accessibility/results.json; evidence/after/logs/runbook-results.json; implementation/edit-journal.json,"Implemented, tested and explicitly inspected in whole-body/scoped replacement images. No remaining mandatory work."
N01,P2,3,/NMLH,Ch5 Pháp nhân: card padding overflow,DESKTOP_FALSE_POSITIVE_REFINED,scrollHeight370/client318 do h-full body +52pxheader; kiểm actual text desktop vẫn vừa.,Bỏ sizing dư/cho height tự nhiên nếu cần để padding đúng; tái kiểm mobile/zoom. Không báo đây là lỗi mất kiến thức đã thấy.,NhapMonLuatHoc.html,"Text từng đoạn và padding trong border ở320/390/desktop; ghi rõ kết quả tái hiện, không xóa nội dung để làm hết overflow.",baseline/audit-verification-notes.json; evidence/before/NMLH-ch5.jpg,G04,VERIFIED_FIXED,Codex,2f6eadb67fd1d5e07e58f4684dab5812002458f2,implementation/visual-review.json; implementation/practice-visual-review.json; evidence/after/render/results.json; evidence/after/targeted/results.json; evidence/after/accessibility/results.json; evidence/after/logs/runbook-results.json; implementation/edit-journal.json,"Implemented, tested and explicitly inspected in whole-body/scoped replacement images. No remaining mandatory work."
N02,P2,3,/NMLH,Ch6 penalty grid và prose nhỏ,SOURCE_RISK,Grid hình phạt hai cột ở phone và label12px gây dày chữ.,Reflow một cột khi cần320/390; prose theo spec; giữ nhóm/phân loại/phạm vi pháp luật trong bài.,NhapMonLuatHoc.html,Tên hình phạt/dẫn giải đủ và dễ so sánh; không đổi legal facts.,baseline/responsive-review.md,G01,VERIFIED_FIXED,Codex,2f6eadb67fd1d5e07e58f4684dab5812002458f2,implementation/visual-review.json; implementation/practice-visual-review.json; evidence/after/render/results.json; evidence/after/targeted/results.json; evidence/after/accessibility/results.json; evidence/after/logs/runbook-results.json; implementation/edit-journal.json,"Implemented, tested and explicitly inspected in whole-body/scoped replacement images. No remaining mandatory work."
Q01,P2,3,/KTQT,"Graphs/mindmap/tables, Ch5 ASCII",SOURCE_RISK,SVG620/table720 cần cue; ASCII VMPK Ch5 khó đọc trên phone.,"Cue wrapper; dùng responsive SVG/HTML tương đương cho ASCII nếu cải thiện, kèm mô tả accessible; giữ labels/rates/segments/trục và màu nhóm.",KINH_TE_QUOC_TE.html,Không mất đơn vị/nhãn; sơ đồ không giả định số chưa có; desktop/mobile readable.,baseline/responsive-review.md; baseline/learner-copy-review.txt,G08,VERIFIED_FIXED,Codex,2f6eadb67fd1d5e07e58f4684dab5812002458f2,implementation/visual-review.json; implementation/practice-visual-review.json; evidence/after/render/results.json; evidence/after/targeted/results.json; evidence/after/accessibility/results.json; evidence/after/logs/runbook-results.json; implementation/edit-journal.json,"Implemented, tested and explicitly inspected in whole-body/scoped replacement images. No remaining mandatory work."
Q02,P2,4,/KTQT,Ch1/2/3 và review copy/phạm vi,SOURCE_REVIEW,Exact cardinality/schematic/reveal và p31 symbolic layout narration.,"Đổi nhãn theo mục1 copy review; review chỉCh1–4. Giữ thiếu ký hiệu p31, ví dụ Britain/America/đơn vị, Modern/Standard và thiếu lời giải giá yếu tố.",KINH_TE_QUOC_TE.html,Từng bullet có kết quả; không phục dựng công thức p31 hoặc tuyên bố ôn đủ6chương.,baseline/learner-copy-review.txt,G01,VERIFIED_FIXED,Codex,2f6eadb67fd1d5e07e58f4684dab5812002458f2,implementation/visual-review.json; implementation/practice-visual-review.json; evidence/after/render/results.json; evidence/after/targeted/results.json; evidence/after/accessibility/results.json; evidence/after/logs/runbook-results.json; implementation/edit-journal.json,"Implemented, tested and explicitly inspected in whole-body/scoped replacement images. No remaining mandatory work."
T01,P2,4,/TCCN,Ch2:14salary cards và Harry Johnson goals rỗng,SOURCE_REVIEW,"Nhiều thẻ lặp chưa có khoảng lương/mục tiêu, giống ví dụ hoàn chỉnh nhưng không thực hành được.","Gom từng khối rỗng thành lưu ý nhỏ hoặc details đóng mặc định; giữ nhãn nghề/ngữ cảnh, worksheet limitations; không bịa lương/mục tiêu.",TAI_CHINH_CA_NHAN.html,"Không còn14thẻ lặp vô ích; thông tin gốc vẫn truy cập; limitation trung thực, không số giả.",baseline/learner-copy-review.txt,G01|G04,VERIFIED_FIXED,Codex,2f6eadb67fd1d5e07e58f4684dab5812002458f2,implementation/visual-review.json; implementation/practice-visual-review.json; evidence/after/render/results.json; evidence/after/targeted/results.json; evidence/after/accessibility/results.json; evidence/after/logs/runbook-results.json; implementation/edit-journal.json,"Implemented, tested and explicitly inspected in whole-body/scoped replacement images. No remaining mandatory work."
T02,P2,4,/TCCN,Ch5: six-position insurance visual,SOURCE_REVIEW,Sáu card giống Unordered consideration/Exact label mapping unavailable.,Gom note chưa đủ thông tin xác định thứ tự; consideration có sẵn thành danh sách không đánh số; không tự ghép6nhãn.,TAI_CHINH_CA_NHAN.html,Người học biết dữ liệu thiếu thứ tự; danh sách gốc giữ; không dựng quy trình giả.,baseline/learner-copy-review.txt,G01,VERIFIED_FIXED,Codex,2f6eadb67fd1d5e07e58f4684dab5812002458f2,implementation/visual-review.json; implementation/practice-visual-review.json; evidence/after/render/results.json; evidence/after/targeted/results.json; evidence/after/accessibility/results.json; evidence/after/logs/runbook-results.json; implementation/edit-journal.json,"Implemented, tested and explicitly inspected in whole-body/scoped replacement images. No remaining mandatory work."
T03,P2,4,/TCCN,Ch1/4/5: đồ thị/khối thiếu dữ liệu,SOURCE_REVIEW,Một số title/Ý chính/◌/mũi tên trông như đồ thị nhưng không có số liệu đọc được.,Đóng gọn khối thật sự rỗng; giữ qualitative diagrams và nhãn minh họa định tính; phân biệt còn dữ liệu/thiếu dữ liệu.,TAI_CHINH_CA_NHAN.html,"Age/contribution, premium, insurance odds, life-cycle rà từng khối; không bỏ diagram có ý nghĩa hoặc biến minh họa thành dữ liệu định lượng.",baseline/learner-copy-review.txt,T01|T02,VERIFIED_FIXED,Codex,2f6eadb67fd1d5e07e58f4684dab5812002458f2,implementation/visual-review.json; implementation/practice-visual-review.json; evidence/after/render/results.json; evidence/after/targeted/results.json; evidence/after/accessibility/results.json; evidence/after/logs/runbook-results.json; implementation/edit-journal.json,"Implemented, tested and explicitly inspected in whole-body/scoped replacement images. No remaining mandatory work."
T04,P2,4,/TCCN,"Ch4/5/6/review: copy, aria và bài tự luyện",SOURCE_REVIEW,Exact/S8/Unverified/auto-solve/cardinality và hướng dẫn lẫn ngôn ngữ.,"Áp mục6 copy review, cả aria-label flashcards; nhãn tự ghi cách làm/chưa chấm/chưa lời giải. Giữ đáp án10/5, hệ số0.80/1.00 và tất cả giới hạn nguồn.",TAI_CHINH_CA_NHAN.html,"Đã xem hết before/after mục6; không chấm tự động bài chưa chấm; claimsStep2/3, IRR, Michelle/Jason còn qualifier.",baseline/learner-copy-review.txt,G01,VERIFIED_FIXED,Codex,2f6eadb67fd1d5e07e58f4684dab5812002458f2,implementation/visual-review.json; implementation/practice-visual-review.json; evidence/after/render/results.json; evidence/after/targeted/results.json; evidence/after/accessibility/results.json; evidence/after/logs/runbook-results.json; implementation/edit-journal.json,"Implemented, tested and explicitly inspected in whole-body/scoped replacement images. No remaining mandatory work."
T05,P2,3,/TCCN,"Ch4/5/6 dài, calculator và worksheet",OBSERVED_DESKTOP_AND_SOURCE_RISK,"Ch4>10kpx, ch5/6>8kpx; inputs, bảng và labels cần kiểmphone.","TOC theo heading, collapse grids phù hợp; giữ calculator arithmetic/constraints và user input/storage.",TAI_CHINH_CA_NHAN.html,"Anchor đúng, nhập/bật lời giải/worksheet hoạt động; longprose và bảng đọc được bốnviewport.",baseline/live-study-audit.json; baseline/responsive-review.md,G07|G08,VERIFIED_FIXED,Codex,2f6eadb67fd1d5e07e58f4684dab5812002458f2,implementation/visual-review.json; implementation/practice-visual-review.json; evidence/after/render/results.json; evidence/after/targeted/results.json; evidence/after/accessibility/results.json; evidence/after/logs/runbook-results.json; implementation/edit-journal.json,"Implemented, tested and explicitly inspected in whole-body/scoped replacement images. No remaining mandatory work."
V01,P1_VERIFY,3,/VHDDTKD,Flashcard absolute190px,SOURCE_RISK,"Bốn cột desktop, inner190px và faces absolute không lấy chiều cao đáp án dài.",Intrinsic two-face sizing; preserve flip events; chiều cao đầy đủ card sau nâng font.,VAN_HOA_VA_DAO_DUC_TRONG_KINH_DOANH_QUOC_TE.html,"Cả hai mặt tất cả thẻ đủ chữ320/390/768/1366, zoom 200%, keyboard/touch; không overlap.",baseline/responsive-review.md; baseline/modern-source-review.txt,G01|G04,VERIFIED_FIXED,Codex,2f6eadb67fd1d5e07e58f4684dab5812002458f2,implementation/visual-review.json; implementation/practice-visual-review.json; evidence/after/render/results.json; evidence/after/targeted/results.json; evidence/after/accessibility/results.json; evidence/after/logs/runbook-results.json; implementation/edit-journal.json,"Implemented, tested and explicitly inspected in whole-body/scoped replacement images. No remaining mandatory work."
V02,P2,2,/VHDDTKD,lesson-section padding lồng,DRAFT_REGRESSION_RISK,Shared draft thêm outer1rem trong khi inner heading padding/child margins có sẵn; child có thể còn~227px ở320.,Loại lesson-section khỏi blanket padding hoặc reconcile cả hệ inner spacing; không áp draft nguyên xi.,VAN_HOA_VA_DAO_DUC_TRONG_KINH_DOANH_QUOC_TE.html,320px đo container/child; concept/culture matrix không bị padding hai lần; đủ kích thước đọc.,baseline/responsive-review.md,G04,VERIFIED_FIXED,Codex,2f6eadb67fd1d5e07e58f4684dab5812002458f2,implementation/visual-review.json; implementation/practice-visual-review.json; evidence/after/render/results.json; evidence/after/targeted/results.json; evidence/after/accessibility/results.json; evidence/after/logs/runbook-results.json; implementation/edit-journal.json,"Implemented, tested and explicitly inspected in whole-body/scoped replacement images. No remaining mandatory work."
V03,P2,3,/VHDDTKD,Culture matrix/continuum/concept map/sources,SOURCE_RISK,Hai cột/label dài/source captions nguy cơ chật hoặc cắt trên phone.,"Reflow/scroll phù hợp quan hệ mô hình; nguồn wrap; giữ country scores, model dimensions và topology.",VAN_HOA_VA_DAO_DUC_TRONG_KINH_DOANH_QUOC_TE.html,Ch2/3 và mọi sơ đồ kiểm320/390/768; labels/ngưỡng/trục nguyên; không sửa90%Toyota thành100%.,baseline/responsive-review.md; baseline/modern-source-review.txt,V02|G08,VERIFIED_FIXED,Codex,2f6eadb67fd1d5e07e58f4684dab5812002458f2,implementation/visual-review.json; implementation/practice-visual-review.json; evidence/after/render/results.json; evidence/after/targeted/results.json; evidence/after/accessibility/results.json; evidence/after/logs/runbook-results.json; implementation/edit-journal.json,"Implemented, tested and explicitly inspected in whole-body/scoped replacement images. No remaining mandatory work."
V04,P2,4,/VHDDTKD,Ch2/3 copy mô hình và giới hạn nguồn,SOURCE_REVIEW,Framing/cardinality/exact viewer/file narration.,"Mục4 copy review: nhãn Việt rõ, giữ country data, Hofstede4→5→6, hai bối cảnh và cảnh báo không khái quát quốc gia từ case.",VAN_HOA_VA_DAO_DUC_TRONG_KINH_DOANH_QUOC_TE.html,Toàn bộ bullets/modern bổ sung đã xử lý; six guidelines vẫn checklist không thành chuỗi nhân quả.,baseline/learner-copy-review.txt; baseline/modern-source-review.txt,G01,VERIFIED_FIXED,Codex,2f6eadb67fd1d5e07e58f4684dab5812002458f2,implementation/visual-review.json; implementation/practice-visual-review.json; evidence/after/render/results.json; evidence/after/targeted/results.json; evidence/after/accessibility/results.json; evidence/after/logs/runbook-results.json; implementation/edit-journal.json,"Implemented, tested and explicitly inspected in whole-body/scoped replacement images. No remaining mandatory work."
D01,P1_VERIFY,3,/TLUD,Flashcard min-height160px nhưng faces absolute,SOURCE_RISK,"Mặt sau không tham gia sizing, vẫn có nguy cơ overflow.",Intrinsic maximum-height hai mặt; giữ filter/deck/data/state.,TAM_LY_UNG_DUNG.html,"Tất cả thẻ, longest answer/zoom 200%,320/390 không clip; flip/reset/filter giữ.",baseline/modern-source-review.txt; baseline/responsive-review.md,G01|G04,VERIFIED_FIXED,Codex,2f6eadb67fd1d5e07e58f4684dab5812002458f2,implementation/visual-review.json; implementation/practice-visual-review.json; evidence/after/render/results.json; evidence/after/targeted/results.json; evidence/after/accessibility/results.json; evidence/after/logs/runbook-results.json; implementation/edit-journal.json,"Implemented, tested and explicitly inspected in whole-body/scoped replacement images. No remaining mandatory work."
D02,P2,3,/TLUD,Ch7 matrix4 operant,SOURCE_RISK,95px 1fr 1fr+overflow:hidden và Reinforcement/Strengthens behavior có thể cắt320.,"minmax0 +wrap, hoặc semantic table scroll wrapper rõ; giữ header associations và các ô/đáp án.",TAM_LY_UNG_DUNG.html,"320/390 đọc cả3 cột, không che nội dung; so ma trận baseline; keyboard phù hợp.",baseline/responsive-review.md; baseline/modern-source-review.txt,G08,VERIFIED_FIXED,Codex,2f6eadb67fd1d5e07e58f4684dab5812002458f2,implementation/visual-review.json; implementation/practice-visual-review.json; evidence/after/render/results.json; evidence/after/targeted/results.json; evidence/after/accessibility/results.json; evidence/after/logs/runbook-results.json; implementation/edit-journal.json,"Implemented, tested and explicitly inspected in whole-body/scoped replacement images. No remaining mandatory work."
D03,P2,3,/TLUD,"Auto-fit grids/gallery, emotion strip",SOURCE_RISK,min220/230px lớn hơn card lồng khi padding/zoom.,"minmax(min(100%,220px),1fr) hoặc tương đương; min-width0; gallery phù hợp; cue cho emotion strip.",TAM_LY_UNG_DUNG.html,Nestedcontainer320/390/zoom không pageoverflow; captions và category labels đủ.,baseline/modern-source-review.txt,G04|G08,VERIFIED_FIXED,Codex,2f6eadb67fd1d5e07e58f4684dab5812002458f2,implementation/visual-review.json; implementation/practice-visual-review.json; evidence/after/render/results.json; evidence/after/targeted/results.json; evidence/after/accessibility/results.json; evidence/after/logs/runbook-results.json; implementation/edit-journal.json,"Implemented, tested and explicitly inspected in whole-body/scoped replacement images. No remaining mandatory work."
D04,P2,4,/TLUD,Ch1/2/7 copy và review deck phạm vi,SOURCE_REVIEW,School visuals recreation/verified/sourceS6 ANSWER KEY; deck quảng bá toàn diện dù chỉCh1–4/ch7.,"Áp mục5 copy review; scope deck trung thực; Weber ΔI=KxI giữ100/K0.08; file-label note ra khỏi bài, giữ hướng dẫn thật sự hỗ trợ.",TAM_LY_UNG_DUNG.html,Ch5–6 không bị hứa có thẻ; không thêm thẻ/answers; qualifiers SF3493/3492/taste/forgetting giữ.,baseline/learner-copy-review.txt; baseline/modern-source-review.txt,G01,VERIFIED_FIXED,Codex,2f6eadb67fd1d5e07e58f4684dab5812002458f2,implementation/visual-review.json; implementation/practice-visual-review.json; evidence/after/render/results.json; evidence/after/targeted/results.json; evidence/after/accessibility/results.json; evidence/after/logs/runbook-results.json; implementation/edit-journal.json,"Implemented, tested and explicitly inspected in whole-body/scoped replacement images. No remaining mandatory work."
S01,P1_VERIFY,3,/STKN,Flashcards fixed150px,SOURCE_RISK,Faces absolute fixed150px dễ overflow khi prose tăng.,Intrinsic sizing cả2 mặt; giữ classes/data/events.,SANG_TAO_KHOI_NGHIEP.html,Tất cả mặt dài320/390/zoom 200% và keyboard/touch không clip/overlap.,baseline/modern-source-review.txt,G01|G04,VERIFIED_FIXED,Codex,2f6eadb67fd1d5e07e58f4684dab5812002458f2,implementation/visual-review.json; implementation/practice-visual-review.json; evidence/after/render/results.json; evidence/after/targeted/results.json; evidence/after/accessibility/results.json; evidence/after/logs/runbook-results.json; implementation/edit-journal.json,"Implemented, tested and explicitly inspected in whole-body/scoped replacement images. No remaining mandatory work."
S02,P1_VERIFY,3,/STKN,Venn/wheel transform scale,SOURCE_RISK,Circles190px fixedpos; wheel380px scale.78/.82/.76 giữ chiều rộng layout và làm chữ quá nhỏ.,Phone dùng labelled equivalent grid/list giữ category/quan hệ; desktop giữ diagram; bỏ shrink-to-fit/negative-margin collisions.,SANG_TAO_KHOI_NGHIEP.html,"320–768 không overflow/overlap, label/control dễ đọc; model không mất thành phần/quan hệ.",baseline/modern-source-review.txt,G01|G04,VERIFIED_FIXED,Codex,2f6eadb67fd1d5e07e58f4684dab5812002458f2,implementation/visual-review.json; implementation/practice-visual-review.json; evidence/after/render/results.json; evidence/after/targeted/results.json; evidence/after/accessibility/results.json; evidence/after/logs/runbook-results.json; implementation/edit-journal.json,"Implemented, tested and explicitly inspected in whole-body/scoped replacement images. No remaining mandatory work."
S03,P2,3,/STKN,Empathy map/opportunity ring/workspaces,SOURCE_RISK,"Empathy1fr90px1fr; ringabsolute135px, gap/padding lớn; tablet641–900 cần kiểmcollision.",Empathy2col stakeholder spanning hoặc1colphone; ring centre+4traits accessible stacked khi chật; safe nested min240px.,SANG_TAO_KHOI_NGHIEP.html,320/390/641/768/820/900/1024 kiểm input/labels; giữ modelCh6/7 khác nhau và thông tin người dùng.,baseline/modern-source-review.txt; baseline/responsive-review.md,G04,VERIFIED_FIXED,Codex,2f6eadb67fd1d5e07e58f4684dab5812002458f2,implementation/visual-review.json; implementation/practice-visual-review.json; evidence/after/render/results.json; evidence/after/targeted/results.json; evidence/after/accessibility/results.json; evidence/after/logs/runbook-results.json; implementation/edit-journal.json,"Implemented, tested and explicitly inspected in whole-body/scoped replacement images. No remaining mandatory work."
S04,P2,3,/STKN,Dark interaction panels,SOURCE_REVIEW,"Dark gradients/shadow và nested translucent zones chiếm diện tích, nội dung nặng.","Light site surfaces, set đồng bộ descendants text/border và feedback. Giữ black hat semantic, chart categories/đúng/sai.",SANG_TAO_KHOI_NGHIEP.html,"Mọi interaction/sort/drop-zone đủ contrast, không chữ trắng biến mất; trạng thái vẫn rõ.",baseline/modern-source-review.txt,G03,VERIFIED_FIXED,Codex,2f6eadb67fd1d5e07e58f4684dab5812002458f2,implementation/visual-review.json; implementation/practice-visual-review.json; evidence/after/render/results.json; evidence/after/targeted/results.json; evidence/after/accessibility/results.json; evidence/after/logs/runbook-results.json; implementation/edit-journal.json,"Implemented, tested and explicitly inspected in whole-body/scoped replacement images. No remaining mandatory work."
S05,P2,4,/STKN,Ch7 FPT/BMC/framework/copy người học,SOURCE_REVIEW,Questions only/workspace/chủ đề trong nguồn/draft narration và tên mô hình lẫn.,"Áp mục9 copy review + modern safe candidates; nhãn dễ hiểu, keep27frameworks, FPTcâu hỏi mở, creative4/5steps, BMC9 vsBarringer4 riêng.",SANG_TAO_KHOI_NGHIEP.html,Tất cả copy candidates xử lý/contextchecked; ARES Evidences/đáp án nguyên;6levels không tự relabel.,baseline/learner-copy-review.txt; baseline/modern-source-review.txt,G01,VERIFIED_FIXED,Codex,2f6eadb67fd1d5e07e58f4684dab5812002458f2,implementation/visual-review.json; implementation/practice-visual-review.json; evidence/after/render/results.json; evidence/after/targeted/results.json; evidence/after/accessibility/results.json; evidence/after/logs/runbook-results.json; implementation/edit-journal.json,"Implemented, tested and explicitly inspected in whole-body/scoped replacement images. No remaining mandatory work."
B01,P1_VERIFY,3,/NLTTTC,Flashcard170/190px,SOURCE_RISK,height fixed+facesabsolute nên chữ tăng không tăng chiều cao.,Intrinsic two-face grid hoặc giải pháp tương đương; keep state.,NGUYEN_LY_THI_TRUONG_TAI_CHINH.html,Cả hai mặt và đáp án dài nhất320/390/zoom 200% khôngcắt/chồng.,baseline/modern-source-review.txt,G01|G04,VERIFIED_FIXED,Codex,2f6eadb67fd1d5e07e58f4684dab5812002458f2,implementation/visual-review.json; implementation/practice-visual-review.json; evidence/after/render/results.json; evidence/after/targeted/results.json; evidence/after/accessibility/results.json; evidence/after/logs/runbook-results.json; implementation/edit-journal.json,"Implemented, tested and explicitly inspected in whole-body/scoped replacement images. No remaining mandatory work."
B02,P2,3,/NLTTTC,Function wheel/tablet source badges,SOURCE_RISK,"Node250px/center150px absolute tới768, overlap plausible768–1024; source-ref.7rem nowrap.","Chuyển grid2colcenter span sớm đủ,1colphone; source wrap>=13px, headingchildrenmin0.",NGUYEN_LY_THI_TRUONG_TAI_CHINH.html,768/820/900/1024 vàphone: centre+4 chức năng không giao nhau; sources attached/văn bản đầy đủ.,baseline/modern-source-review.txt,G01|G04,VERIFIED_FIXED,Codex,2f6eadb67fd1d5e07e58f4684dab5812002458f2,implementation/visual-review.json; implementation/practice-visual-review.json; evidence/after/render/results.json; evidence/after/targeted/results.json; evidence/after/accessibility/results.json; evidence/after/logs/runbook-results.json; implementation/edit-journal.json,"Implemented, tested and explicitly inspected in whole-body/scoped replacement images. No remaining mandatory work."
B03,P2,3,/NLTTTC,"Timelines5x220, tables/calculators",SOURCE_RISK,Timeline cần dấu hiệu cuộn; tên công cụ dài/controls/nested grids dễ bóp.,"Cue, correct wrapper, bố cục input và labels; giữ formula/direction/ô còn thiếu.",NGUYEN_LY_THI_TRUONG_TAI_CHINH.html,"Scrolltới cuối, tất cả labels/đơn vị đủ; calculator outputs vàconstraints nguyên320/390/768.",baseline/responsive-review.md; baseline/modern-source-review.txt,G08,VERIFIED_FIXED,Codex,2f6eadb67fd1d5e07e58f4684dab5812002458f2,implementation/visual-review.json; implementation/practice-visual-review.json; evidence/after/render/results.json; evidence/after/targeted/results.json; evidence/after/accessibility/results.json; evidence/after/logs/runbook-results.json; implementation/edit-journal.json,"Implemented, tested and explicitly inspected in whole-body/scoped replacement images. No remaining mandatory work."
B04,P2,3,/NLTTTC,Decorative dark strips/market-map/stepper,SOURCE_REVIEW,Black/yellow surfaces không theo hệ trang.,Scoped lightpalette +coherent childcolors; preserve semantics and readingwidth.,NGUYEN_LY_THI_TRUONG_TAI_CHINH.html,Goal/fact/signal/claim/map/stepper/definition tất cả đủ contrast; không mất cue/trạng thái.,baseline/modern-source-review.txt,G03,VERIFIED_FIXED,Codex,2f6eadb67fd1d5e07e58f4684dab5812002458f2,implementation/visual-review.json; implementation/practice-visual-review.json; evidence/after/render/results.json; evidence/after/targeted/results.json; evidence/after/accessibility/results.json; evidence/after/logs/runbook-results.json; implementation/edit-journal.json,"Implemented, tested and explicitly inspected in whole-body/scoped replacement images. No remaining mandatory work."
B05,P2,4,/NLTTTC,Ch1/4/5/6/review: copy và ô dữ liệu trống,SOURCE_REVIEW,Exact direction/8dimension/globalcompact; tableschange/shift thiếu dữ kiện.,Áp mục8 copy review+modern; details hoặc Chưa có dữ kiện cho ôtrống; không tạo arrows/quizanswers. Maximing spelling chỉ sửa guard chính xác sau xác minh ngữ cảnh.,NGUYEN_LY_THI_TRUONG_TAI_CHINH.html,"Ô còn thiếu ch5/6 vẫn thiếu rõ, signs/conventions không đổi; tất cả candidates được xét.",baseline/learner-copy-review.txt; baseline/modern-source-review.txt,G01,VERIFIED_FIXED,Codex,2f6eadb67fd1d5e07e58f4684dab5812002458f2,implementation/visual-review.json; implementation/practice-visual-review.json; evidence/after/render/results.json; evidence/after/targeted/results.json; evidence/after/accessibility/results.json; evidence/after/logs/runbook-results.json; implementation/edit-journal.json,"Implemented, tested and explicitly inspected in whole-body/scoped replacement images. No remaining mandatory work."
P01,P2,3,/PTBV,Quiz dual250px/goal-grid labels,SOURCE_RISK,Answerblockmin250px collapse640; 641–800 cardlồng; goaltiles2colphone dense.,Safe grid sizing/reflow; natural tileheight16pxbody; feedback thuộcprompt.,PHAT_TRIEN_BEN_VUNG.html,"320/390/641/768/800, nhãn SDG dài/options đủ; check/reset/scoring nguyên.",baseline/modern-source-review.txt; baseline/responsive-review.md,G04,VERIFIED_FIXED,Codex,2f6eadb67fd1d5e07e58f4684dab5812002458f2,implementation/visual-review.json; implementation/practice-visual-review.json; evidence/after/render/results.json; evidence/after/targeted/results.json; evidence/after/accessibility/results.json; evidence/after/logs/runbook-results.json; implementation/edit-journal.json,"Implemented, tested and explicitly inspected in whole-body/scoped replacement images. No remaining mandatory work."
P02,P2,3,/PTBV,Course-map modal/FAB,SOURCE_RISK,"Map2col/max85vh, floatingbutton có thể chen controls/content hoặc khó dùnglandscape.","Reflow map; dvh/safearea/maxheight phù hợp, inner scrolling; focus trap/Escape/trả focus; FAB tránh sticky/keyboard.",PHAT_TRIEN_BEN_VUNG.html,"320x568,390landscape,768; toànroadmap reachable; keyboard không bị kẹt; không giấu lastcard.",baseline/modern-source-review.txt; baseline/responsive-review.md,G09,VERIFIED_FIXED,Codex,2f6eadb67fd1d5e07e58f4684dab5812002458f2,implementation/visual-review.json; implementation/practice-visual-review.json; evidence/after/render/results.json; evidence/after/targeted/results.json; evidence/after/accessibility/results.json; evidence/after/logs/runbook-results.json; implementation/edit-journal.json,"Implemented, tested and explicitly inspected in whole-body/scoped replacement images. No remaining mandatory work."
P03,P2,3,/PTBV,Timeline detail/FAB dark treatment,SOURCE_REVIEW,Decorative dark surfaces khácpalette.,"Lighten có scope và kiểm descendant contrast, giữ màuSDGs/semanticcategories.",PHAT_TRIEN_BEN_VUNG.html,"Timeline/FAB đủ contrast/focus, categories không đổi.",baseline/modern-source-review.txt,G03,VERIFIED_FIXED,Codex,2f6eadb67fd1d5e07e58f4684dab5812002458f2,implementation/visual-review.json; implementation/practice-visual-review.json; evidence/after/render/results.json; evidence/after/targeted/results.json; evidence/after/accessibility/results.json; evidence/after/logs/runbook-results.json; implementation/edit-journal.json,"Implemented, tested and explicitly inspected in whole-body/scoped replacement images. No remaining mandatory work."
P04,P2,4,/PTBV,Ch5/review: cardinality/implementation copy,SOURCE_REVIEW,Cardinality checklist/implementation/state vsIFI descriptiveonly lộ giọng biên soạn.,"Áp mục10 copy review; giữ nhóm5/4/8,3pillars,5principles,17goals và ba phần VietnamSDGs.",PHAT_TRIEN_BEN_VUNG.html,Copy checklist đủ; không đổi coverage>92% hoặc biến Crisis/Conflict/Compromise thành tiếntrình.,baseline/learner-copy-review.txt,G01,VERIFIED_FIXED,Codex,2f6eadb67fd1d5e07e58f4684dab5812002458f2,implementation/visual-review.json; implementation/practice-visual-review.json; evidence/after/render/results.json; evidence/after/targeted/results.json; evidence/after/accessibility/results.json; evidence/after/logs/runbook-results.json; implementation/edit-journal.json,"Implemented, tested and explicitly inspected in whole-body/scoped replacement images. No remaining mandatory work."
L01,P2,3,/LTMQT,Flash-grid/match-row/sort-actions,SOURCE_RISK,min220 flashgrid; matchmin180/220 collapse640; controlsflex squeeze labels.,"Safe minmax; nhãn wrap, controlsnonshrinking hoặc xuốnghàng; retain event/answersequence.",LUAT_THUONG_MAI_QUOC_TE.html,"320/390/641/768/zoom; matching/sort/reset works, text nguyên và touchtargets đủ.",baseline/modern-source-review.txt; baseline/responsive-review.md,G04|G09,VERIFIED_FIXED,Codex,2f6eadb67fd1d5e07e58f4684dab5812002458f2,implementation/visual-review.json; implementation/practice-visual-review.json; evidence/after/render/results.json; evidence/after/targeted/results.json; evidence/after/accessibility/results.json; evidence/after/logs/runbook-results.json; implementation/edit-journal.json,"Implemented, tested and explicitly inspected in whole-body/scoped replacement images. No remaining mandatory work."
L02,P2,3,/LTMQT,Mindmap/tables/case organizers,SOURCE_RISK,Min620/720 mindmap và case dài cần cue/readableinput.,"Wrappercue, semanticlabels, case textarea minwidth0/fullphone; giữ taxdata/legalcases.",LUAT_THUONG_MAI_QUOC_TE.html,Các sơ đồ/case tables toàn bộ cột reachable320/390; không làm đổi căn cứ/kết luận.,baseline/responsive-review.md,G08,VERIFIED_FIXED,Codex,2f6eadb67fd1d5e07e58f4684dab5812002458f2,implementation/visual-review.json; implementation/practice-visual-review.json; evidence/after/render/results.json; evidence/after/targeted/results.json; evidence/after/accessibility/results.json; evidence/after/logs/runbook-results.json; implementation/edit-journal.json,"Implemented, tested and explicitly inspected in whole-body/scoped replacement images. No remaining mandatory work."
L03,P2,4,/LTMQT,Ch3/4 và comparisons: copy/limitations,SOURCE_REVIEW,Exactdata/organizer/autoconclusion/unresolvedarticle/CONS unanswered.,Áp mục7 copy review+modern; tự phân tích/căn cứ sơ bộ; giữ thiếu article/modelanswer/date/thuế suất theo học phần.,LUAT_THUONG_MAI_QUOC_TE.html,Không chèn điều luật/thuế suất hiện hành; qualifier sát nội dung; everycandidate reviewed.,baseline/learner-copy-review.txt; baseline/modern-source-review.txt,G01,VERIFIED_FIXED,Codex,2f6eadb67fd1d5e07e58f4684dab5812002458f2,implementation/visual-review.json; implementation/practice-visual-review.json; evidence/after/render/results.json; evidence/after/targeted/results.json; evidence/after/accessibility/results.json; evidence/after/logs/runbook-results.json; implementation/edit-journal.json,"Implemented, tested and explicitly inspected in whole-body/scoped replacement images. No remaining mandatory work."
X01,P1,1,/NhapMonLuatHoc-LuyenDe | /KTQT-LuyenDe | /LTMQT-LuyenDe | /NLTTTC-LuyenDe,Overview/card metrics/question index,OBSERVED_DESKTOP_WITH_SOURCE_CAUSE,Finite numbers qua string-only safeText thành rỗng; counts/phút/vòng số thứ tự câu không hiện.,Renderer convert finite number thành string hoặc numeric callsites rõ; giữ safeText strict cho normalization/validation; không sửa banks/scoring.,NhapMonLuatHoc-LuyenDe.html | KTQT-LuyenDe.html | LTMQT-LuyenDe.html | NLTTTC-LuyenDe.html,"Overview/cards hiện 3/4/5/6bộ theo chương, số câu/duration từ dữ liệu, indices1..n; undefined/null/NaN không in rác; no handler đổi.",baseline/live-practice-audit.json; baseline/audit-verification-notes.json; evidence/before/NLTTTC-practice-overview.jpg; evidence/before/NMLH-practice.jpg,,VERIFIED_FIXED,Codex,2f6eadb67fd1d5e07e58f4684dab5812002458f2,implementation/visual-review.json; implementation/practice-visual-review.json; evidence/after/render/results.json; evidence/after/targeted/results.json; evidence/after/accessibility/results.json; evidence/after/logs/runbook-results.json; implementation/edit-journal.json,"Implemented, tested and explicitly inspected in whole-body/scoped replacement images. No remaining mandatory work."
X02,P2,4,/NhapMonLuatHoc-LuyenDe | /KTQT-LuyenDe | /LTMQT-LuyenDe | /NLTTTC-LuyenDe,Unique questions và duration labels,SOURCE_REVIEW,20 ID câu riêng nhưng40 lượt xuất hiện trong drills+quiz; durationchỉgợiý.,"Hiển thị20câu riêng hoặc label40lượt rõ; count actualsetdata; dùng Thời gian gợi ý, không hứa countdown.",NhapMonLuatHoc-LuyenDe.html | KTQT-LuyenDe.html | LTMQT-LuyenDe.html | NLTTTC-LuyenDe.html,20 câu riêngvs40 lượt xuất hiện kiểm exact IDs từngbank; count không duplicate; label đúng mọi mode.,baseline/audit-verification-notes.json; baseline/learner-copy-review.txt,X01,VERIFIED_FIXED,Codex,2f6eadb67fd1d5e07e58f4684dab5812002458f2,implementation/visual-review.json; implementation/practice-visual-review.json; evidence/after/render/results.json; evidence/after/targeted/results.json; evidence/after/accessibility/results.json; evidence/after/logs/runbook-results.json; implementation/edit-journal.json,"Implemented, tested and explicitly inspected in whole-body/scoped replacement images. No remaining mandatory work."
X03,P2,2,ALL_PRACTICE,Palette/font/card overview/questions,OBSERVED_DESKTOP_AND_SOURCE_RISK,"Stats nền đen lớn, options14px; header/navigation khác lýthuyết.","Light overview, prose/options16px, uniformheading/cardspacing; harmonizevisuals riêng từngnavigation, không migrate scoring vào theoryheader.",shared.css | NhapMonLuatHoc-LuyenDe.html | KTQT-LuyenDe.html | LTMQT-LuyenDe.html | NLTTTC-LuyenDe.html | TCCN-LuyenDe.html | NguyenLyKeToan-LuyenDe.html,21modesx4viewport; title/option/explanation đủ contrast/font; activeunderline/picker rõ và controls44px.,baseline/live-practice-audit.json; baseline/responsive-review.md,G01|G03|G04,VERIFIED_FIXED,Codex,2f6eadb67fd1d5e07e58f4684dab5812002458f2,implementation/visual-review.json; implementation/practice-visual-review.json; evidence/after/render/results.json; evidence/after/targeted/results.json; evidence/after/accessibility/results.json; evidence/after/logs/runbook-results.json; implementation/edit-journal.json,"Implemented, tested and explicitly inspected in whole-body/scoped replacement images. No remaining mandatory work."
X04,P2,3,ALL_PRACTICE,"Sticky actions, long account/subtitle/online count",SOURCE_RISK,Longheader và stickybottom có thể che câu cuối hoặc options phone.,"Wrap/compactheader, safearea/buttonrow layout; nativepicker<1280 đồng bộ; testsfixturetên dài/bộ đếm online bốn chữ số.",shared.css | NhapMonLuatHoc-LuyenDe.html | KTQT-LuyenDe.html | LTMQT-LuyenDe.html | NLTTTC-LuyenDe.html | TCCN-LuyenDe.html | NguyenLyKeToan-LuyenDe.html,320/390/768/1279/1280/1366; câu cuối/nút nộp/retry reachable; keyboard không che thao tác.,baseline/responsive-review.md,X03|G09,VERIFIED_FIXED,Codex,2f6eadb67fd1d5e07e58f4684dab5812002458f2,implementation/visual-review.json; implementation/practice-visual-review.json; evidence/after/render/results.json; evidence/after/targeted/results.json; evidence/after/accessibility/results.json; evidence/after/logs/runbook-results.json; implementation/edit-journal.json,"Implemented, tested and explicitly inspected in whole-body/scoped replacement images. No remaining mandatory work."
X05,P2,4,/TCCN-LuyenDe,Overview4bộ nhưng5 card đề thi,SOURCE_REVIEW,Copy cố định4 bộ luyệnthi khác renderExamGrid5 card.,Tính count từ cấu hình thật hoặc dùng wording đúng; keep3source+1applied+FinalMix and banks.,TCCN-LuyenDe.html,Overview và Luyệnthi khớp5 hiện tại; data/remix eligibility/timer không đổi.,baseline/learner-copy-review.txt,,VERIFIED_FIXED,Codex,2f6eadb67fd1d5e07e58f4684dab5812002458f2,implementation/visual-review.json; implementation/practice-visual-review.json; evidence/after/render/results.json; evidence/after/targeted/results.json; evidence/after/accessibility/results.json; evidence/after/logs/runbook-results.json; implementation/edit-journal.json,"Implemented, tested and explicitly inspected in whole-body/scoped replacement images. No remaining mandatory work."
X06,P2,4,/NguyenLyKeToan-LuyenDe,Guided cases quảng bá tự chấm,SOURCE_REVIEW,"3bài tự luận show/hidesolution, không ônộp/autograde; mô tảhomepage quá rộng.",Nói tự đối chiếu lời giải; giữ6 bộ trắc nghiệm+3 bài tự luận có lời giải và modes3chapter/2quiz/4practicecards.,NguyenLyKeToan-LuyenDe.html,Caseopen/solutiontoggle/reset giữ; không tạoautograder hoặc hứachấm khi không có.,baseline/learner-copy-review.txt,,VERIFIED_FIXED,Codex,2f6eadb67fd1d5e07e58f4684dab5812002458f2,implementation/visual-review.json; implementation/practice-visual-review.json; evidence/after/render/results.json; evidence/after/targeted/results.json; evidence/after/accessibility/results.json; evidence/after/logs/runbook-results.json; implementation/edit-journal.json,"Implemented, tested and explicitly inspected in whole-body/scoped replacement images. No remaining mandatory work."
X07,P2,3,/NguyenLyKeToan-LuyenDe,Longcase/generatedtables/metrics,SOURCE_RISK,"Yêu cầu dài bằng tiếng Anh và tables khi mởcase,3smallmetrics dễ chật.","Wraplabels, goodprose, scrolltables và control toàn chiều rộng điện thoại; giữ solutionHTML/data.",NguyenLyKeToan-LuyenDe.html,"Tất cả9sets mở/checkcase4viewports; lời giải đầy đủ, buttons không tràn.",baseline/responsive-review.md,X03|G08,VERIFIED_FIXED,Codex,2f6eadb67fd1d5e07e58f4684dab5812002458f2,implementation/visual-review.json; implementation/practice-visual-review.json; evidence/after/render/results.json; evidence/after/targeted/results.json; evidence/after/accessibility/results.json; evidence/after/logs/runbook-results.json; implementation/edit-journal.json,"Implemented, tested and explicitly inspected in whole-body/scoped replacement images. No remaining mandatory work."
X08,P2,3,/TCCN-LuyenDe,Timer/mistakes/results/explanations,SOURCE_RISK_BEHAVIOR_UNTESTED,5modes có countdown/storage/sticky controls; chưa exercise expiry/grading live.,Sửa presentation nếu cần rồi verify mọi trạng thái trên fixture cô lập; keep countdown/auto-submit/mistakes semantics.,TCCN-LuyenDe.html,Wrong/change/correct/unanswered/submit/lock/retry/expiry/emptymistakes/storagefail tested; không ghi dữ liệu production.,baseline/responsive-review.md; baseline/audit-verification-notes.json,X03|X04,VERIFIED_FIXED,Codex,2f6eadb67fd1d5e07e58f4684dab5812002458f2,implementation/visual-review.json; implementation/practice-visual-review.json; evidence/after/render/results.json; evidence/after/targeted/results.json; evidence/after/accessibility/results.json; evidence/after/logs/runbook-results.json; implementation/edit-journal.json,"Implemented, tested and explicitly inspected in whole-body/scoped replacement images. No remaining mandatory work."
H01,P2,2,/,Coursecards descriptions/title/spacing,OBSERVED_DESKTOP,"12 mô tả môn13px, phân cấp title/card cần đồng bộ.","Descriptions15–16px, cardpadding/naturalheight/griddễ đọc trên điện thoại; giữ đủ 12 môn.",index.html,"Homepage4viewports, tiêu đề dàiwrap, fontViệtđúng; không bỏNLKT/cácmôn.",baseline/audit-verification-notes.json; evidence/before/home.jpg,G01|G03|G04,VERIFIED_FIXED,Codex,2f6eadb67fd1d5e07e58f4684dab5812002458f2,implementation/visual-review.json; implementation/practice-visual-review.json; evidence/after/render/results.json; evidence/after/targeted/results.json; evidence/after/accessibility/results.json; evidence/after/logs/runbook-results.json; implementation/edit-journal.json,"Implemented, tested and explicitly inspected in whole-body/scoped replacement images. No remaining mandatory work."
H02,P2,4,/,NMLH availability stale,OBSERVED_DESKTOP_AND_SOURCE,Trắc nghiệmLuật học bị aria-disabled/Sắp ra mắt dù cópilotroute.,"CTA đúng /NhapMonLuatHoc-LuyenDe, wording luyệnthử20câu/phạm vi dữ liệu thật; accessiblelink.",index.html,"CTA hoạtđộng guest/signedin, route 20 câu; không hứa fullbank/countdown.",baseline/learner-copy-review.txt; evidence/before/home.jpg,X01|X02,VERIFIED_FIXED,Codex,2f6eadb67fd1d5e07e58f4684dab5812002458f2,implementation/visual-review.json; implementation/practice-visual-review.json; evidence/after/render/results.json; evidence/after/targeted/results.json; evidence/after/accessibility/results.json; evidence/after/logs/runbook-results.json; implementation/edit-journal.json,"Implemented, tested and explicitly inspected in whole-body/scoped replacement images. No remaining mandatory work."
H03,P2,4,/,Missingpractice entrypoints KTQT/LTMQT/NLTTTC,SOURCE_REVIEW_LIVE_ROUTES_EXIST,Córoute/data/theorylinks nhưng thiếuhomepagecards.,"Thêm3lốivào đúngroutes, limitedpilotcopy, count hiện có; giữ LuậtDoanhNghiệp chờra mắt vì chưa có route.",index.html,"6practice entrypoints khớp map, không 404 hoặc CTA hỏng; LuậtDN khônggắnroute giả.",baseline/learner-copy-review.txt,X01|X02,VERIFIED_FIXED,Codex,2f6eadb67fd1d5e07e58f4684dab5812002458f2,implementation/visual-review.json; implementation/practice-visual-review.json; evidence/after/render/results.json; evidence/after/targeted/results.json; evidence/after/accessibility/results.json; evidence/after/logs/runbook-results.json; implementation/edit-journal.json,"Implemented, tested and explicitly inspected in whole-body/scoped replacement images. No remaining mandatory work."
H04,P2,4,/,Practice section wording/NLKT description,SOURCE_REVIEW,Thựcchiến và mô tả NLKT dễ hứatínhnăng rộng hơn thực tế.,Luyện tập theo môn; nói trắc nghiệm chấm điểm và bài tự luận cólời giải tự đối chiếu; theo before/after.,index.html,"Cam kết tính năng khớp6MCQ/3 bài tự luận có lời giải,thời gian gợi ý của bốn pilot, TCCN realtimer; no inflatedcoverage.",baseline/learner-copy-review.txt,X02|X06,VERIFIED_FIXED,Codex,2f6eadb67fd1d5e07e58f4684dab5812002458f2,implementation/visual-review.json; implementation/practice-visual-review.json; evidence/after/render/results.json; evidence/after/targeted/results.json; evidence/after/accessibility/results.json; evidence/after/logs/runbook-results.json; implementation/edit-journal.json,"Implemented, tested and explicitly inspected in whole-body/scoped replacement images. No remaining mandatory work."
FZ01,P0_GUARD,0,ALL_THEORY,Bảo toàn học thuật/IDs/scripts/routes,MANDATORY_GUARD,"UI/copy pass có thể vô tình đổi dữ liệu, guardcũ cócompletionchapter gaps.",Snapshot againstbaseline triển khai toàn82tabs+toàn bộ 6 bank; biên tập chính xác/định dạng outputallowlist narrow; numeric/formula/cases/đáp án unchanged; cấu trúc chương/routes/authFirebase intact.,shared.css | edu-header.js | edu-study.js | NhapMonLuatHoc.html | KinhTeChinhTriMacLeNin.html | KE_TOAN_TAI_CHINH.html | NGUYEN_LY_KE_TOAN.html | KINH_TE_QUOC_TE.html | TAI_CHINH_CA_NHAN.html | NGUYEN_LY_THI_TRUONG_TAI_CHINH.html | LUAT_THUONG_MAI_QUOC_TE.html | VAN_HOA_VA_DAO_DUC_TRONG_KINH_DOANH_QUOC_TE.html | PHAT_TRIEN_BEN_VUNG.html | SANG_TAO_KHOI_NGHIEP.html | TAM_LY_UNG_DUNG.html,Contentpreservationchecklist và tests/selfnegativeguards PASS; noskips/broadregex; có before/after mọi exception.,baseline/responsive-review.md; baseline/learner-copy-review.txt,,VERIFIED_FIXED,Codex,2f6eadb67fd1d5e07e58f4684dab5812002458f2,implementation/visual-review.json; implementation/practice-visual-review.json; evidence/after/render/results.json; evidence/after/targeted/results.json; evidence/after/accessibility/results.json; evidence/after/logs/runbook-results.json; implementation/edit-journal.json,Source and behavior guard PASS.
FZ02,P0_GUARD,0,ALL_THEORY,Nháp stashed chưa được nghiệm thu,KNOWN_DRAFT_LIMITATION,Stashshared/header+5legacyHTML unverified; academicguard/whitespace draftFAIL.,"Bắtđầucleanbranch; nháp chỉreference từnghunk. Không blindlystashpop, không rerunauthoringtests; registry làscope thực hiện.",shared.css | edu-header.js | edu-study.js | NhapMonLuatHoc.html | KinhTeChinhTriMacLeNin.html | KE_TOAN_TAI_CHINH.html | NGUYEN_LY_KE_TOAN.html | KINH_TE_QUOC_TE.html | TAI_CHINH_CA_NHAN.html | NGUYEN_LY_THI_TRUONG_TAI_CHINH.html | LUAT_THUONG_MAI_QUOC_TE.html | VAN_HOA_VA_DAO_DUC_TRONG_KINH_DOANH_QUOC_TE.html | PHAT_TRIEN_BEN_VUNG.html | SANG_TAO_KHOI_NGHIEP.html | TAM_LY_UNG_DUNG.html,Gitdiffcleanformat và reviewallhunks; khôngclaimPASS từ draftsnapshot; merge/deployseparateapproval.,baseline/responsive-review.md,,VERIFIED_FIXED,Codex,2f6eadb67fd1d5e07e58f4684dab5812002458f2,implementation/visual-review.json; implementation/practice-visual-review.json; evidence/after/render/results.json; evidence/after/targeted/results.json; evidence/after/accessibility/results.json; evidence/after/logs/runbook-results.json; implementation/edit-journal.json,Source and behavior guard PASS.
FZ03,P0_GUARD,5,ALL_PRACTICE,Cô lập QA và giữ behavior,MANDATORY_GUARD,Productiongrading chưa test; không được gửi điểm thử/ghi dữ liệu thật.,"UseisolatedFirebase/storage fixtures; test allMCQbanks+guidedcases; persistauthcontract/navigation only, leavequestiondata/scoring unchanged.",shared.css | NhapMonLuatHoc-LuyenDe.html | KTQT-LuyenDe.html | LTMQT-LuyenDe.html | NLTTTC-LuyenDe.html | TCCN-LuyenDe.html | NguyenLyKeToan-LuyenDe.html,BehaviorchecklistPASSES và networkevidencefixture; không ghi database production; testscope đúng.,baseline/responsive-review.md; baseline/audit-verification-notes.json,,VERIFIED_FIXED,Codex,2f6eadb67fd1d5e07e58f4684dab5812002458f2,implementation/visual-review.json; implementation/practice-visual-review.json; evidence/after/render/results.json; evidence/after/targeted/results.json; evidence/after/accessibility/results.json; evidence/after/logs/runbook-results.json; implementation/edit-journal.json,Source and behavior guard PASS.
FZ04,P0_GUARD,6,ALL_THEORY,Hoàn thành phải có evidence và coverage,MANDATORY_GUARD,Sourceanalysis không thể thay live/device rendering.,Fill416coveragerows +QA/implementation/copy/preservation/state checklists; before-after + commands/results; createbranchcommit/draftPR reviewable.,shared.css | edu-header.js | edu-study.js | NhapMonLuatHoc.html | KinhTeChinhTriMacLeNin.html | KE_TOAN_TAI_CHINH.html | NGUYEN_LY_KE_TOAN.html | KINH_TE_QUOC_TE.html | TAI_CHINH_CA_NHAN.html | NGUYEN_LY_THI_TRUONG_TAI_CHINH.html | LUAT_THUONG_MAI_QUOC_TE.html | VAN_HOA_VA_DAO_DUC_TRONG_KINH_DOANH_QUOC_TE.html | PHAT_TRIEN_BEN_VUNG.html | SANG_TAO_KHOI_NGHIEP.html | TAM_LY_UNG_DUNG.html,KhôngTODO/FAIL/BLOCKED chưaghi; verifiednofixneedsactualproof; do notdeclarefullcompletewhenblockersremain.,baseline/audit-verification-notes.json,,VERIFIED_FIXED,Codex,2f6eadb67fd1d5e07e58f4684dab5812002458f2,implementation/visual-review.json; implementation/practice-visual-review.json; evidence/after/render/results.json; evidence/after/targeted/results.json; evidence/after/accessibility/results.json; evidence/after/logs/runbook-results.json; implementation/edit-journal.json,"Implemented, tested and explicitly inspected in whole-body/scoped replacement images. No remaining mandatory work."
