copy_id,section,source_ref,candidate_or_qualifier,action,status,file,chapter,before_exact,after_exact,occurrence_count,guard_record,evidence,notes
CP001,1. KINH_TE_QUOC_TE.html,baseline/learner-copy-review.txt:13,"- D, Ch3: hai badge “Exact cardinality” dưới “3 tariff types” và “6 primary functions” → “3 loại thuế quan” / “6 chức năng”. Giữ nguyên các nhóm và số lượng.",CONTEXT_REVIEW_EXACT_COPY,EDITED_VERIFIED,KINH_TE_QUOC_TE.html,Exact source context retained in journal; existing chapter IDs/order unchanged.,"[""<div class=\""eyebrow\"">Exact cardinality</div><h3>3 tariff types</h3>"", ""<div class=\""eyebrow\"">Exact cardinality</div><h3>6 primary functions</h3>""]","[""<div class=\""eyebrow\"">3 loại thuế quan</div><h3>3 tariff types</h3>"", ""<div class=\""eyebrow\"">6 chức năng</div><h3>6 primary functions</h3>""]","[1, 1]","implementation/edit-journal.json zero-based indices [48, 49]",evidence/after/logs/current-base-self-test.log; implementation/edit-journal.json,Exact copy only; adjacent data/model/uncertainty retained.
CP002,1. KINH_TE_QUOC_TE.html,baseline/learner-copy-review.txt:14,"- D/U, Global Review / Theory & instrument map: “exact p.31 symbolic layout not safely recovered” → “Ký hiệu công thức ở phần này chưa đủ rõ; ôn quy tắc so sánh qua các ví dụ trong Chương 1.”",CONTEXT_REVIEW_EXACT_COPY,EDITED_VERIFIED,KINH_TE_QUOC_TE.html,Exact source context retained in journal; existing chapter IDs/order unchanged.,"[""exact p.31 symbolic layout not safely recovered""]","[""Ký hiệu công thức ở phần này chưa đủ rõ; ôn quy tắc so sánh qua các ví dụ trong Chương 1.""]",[1],implementation/edit-journal.json zero-based indices [50],evidence/after/logs/current-base-self-test.log; implementation/edit-journal.json,Exact copy only; adjacent data/model/uncertainty retained.
CP003,1. KINH_TE_QUOC_TE.html,baseline/learner-copy-review.txt:15,"- D/U, Global Review / Comparative-advantage ratio block: “chỉ xem: exact p.31 notation is chưa đủ dữ liệu. Use semantic rule + verified examples instead.” → “Phần ký hiệu chưa đủ rõ để trình bày đầy đủ. Hãy dùng quy tắc bằng lời và các ví dụ trong Chương 1 để ôn tập.” Không phục dựng lại công thức.",CONTEXT_REVIEW_EXACT_COPY,EDITED_VERIFIED,KINH_TE_QUOC_TE.html,Exact source context retained in journal; existing chapter IDs/order unchanged.,"[""chỉ xem: exact p.31 notation is chưa đủ dữ liệu. Use semantic rule + verified examples instead.""]","[""Phần ký hiệu chưa đủ rõ để trình bày đầy đủ. Hãy dùng quy tắc bằng lời và các ví dụ trong Chương 1 để ôn tập.""]",[1],implementation/edit-journal.json zero-based indices [51],evidence/after/logs/current-base-self-test.log; implementation/edit-journal.json,Exact copy only; adjacent data/model/uncertainty retained.
CP004,1. KINH_TE_QUOC_TE.html,baseline/learner-copy-review.txt:16,"- O, Ch1: “Reveal từng bước: Given → Method → Kết quả → Concept” → “Xem từng bước: Dữ kiện → Cách làm → Kết quả → Khái niệm”. Không thay dữ kiện hoặc kết quả phía dưới.",CONTEXT_REVIEW_EXACT_COPY,EDITED_VERIFIED,KINH_TE_QUOC_TE.html,Exact source context retained in journal; existing chapter IDs/order unchanged.,"[""Reveal từng bước: Given → Method → Kết quả → Concept""]","[""Xem từng bước: Dữ kiện → Cách làm → Kết quả → Khái niệm""]",[1],implementation/edit-journal.json zero-based indices [52],evidence/after/logs/current-base-self-test.log; implementation/edit-journal.json,Exact copy only; adjacent data/model/uncertainty retained.
CP005,1. KINH_TE_QUOC_TE.html,baseline/learner-copy-review.txt:17,"- O, Ch2: “H-O gains from trade — mối quan hệ minh họa schematic” → “Lợi ích thương mại theo H-O — sơ đồ minh họa”. “Schematic” mô tả loại sơ đồ, không phải tên học thuyết.",CONTEXT_REVIEW_EXACT_COPY,EDITED_VERIFIED,KINH_TE_QUOC_TE.html,Exact source context retained in journal; existing chapter IDs/order unchanged.,"[""H-O gains from trade — mối quan hệ minh họa schematic""]","[""Lợi ích thương mại theo H-O — sơ đồ minh họa""]",[1],implementation/edit-journal.json zero-based indices [53],evidence/after/logs/current-base-self-test.log; implementation/edit-journal.json,Exact copy only; adjacent data/model/uncertainty retained.
CP006,1. KINH_TE_QUOC_TE.html,baseline/learner-copy-review.txt:18,"- U cần giữ: tên ghép Modern / Standard và caveat về Britain/America theo đơn vị hiện vật, phần giá yếu tố chưa có lời giải; không xóa chỉ vì có chữ “chưa”. Global Review hiện nêu rõ chỉ tập trung Ch1–4: giữ hạn chế này, không gọi là ôn đủ 6 chương.",PRESERVE_QUALIFIER,PRESERVED_VERIFIED,,Exact source context retained in journal; existing chapter IDs/order unchanged.,[],[],[],implementation/edit-journal.json zero-based indices [],evidence/after/logs/current-base-self-test.log; implementation/edit-journal.json,Protected qualifier/function retained by whole-file current-base guard; no invented facts or answers.
CP007,2. KE_TOAN_TAI_CHINH.html,baseline/learner-copy-review.txt:21,"- D/O, Ch2: “Structured Các bảng dữ liệu · Chapter 2” → “Bảng dữ liệu thực hành · Chương 2”; trong bảng tương ứng “Snapshot” → “Tình huống”. Giữ các ô trống và mọi giá trị.",CONTEXT_REVIEW_EXACT_COPY,EDITED_VERIFIED,KE_TOAN_TAI_CHINH.html,Exact source context retained in journal; existing chapter IDs/order unchanged.,"[""Structured Các bảng dữ liệu · Chapter 2"", "">Snapshot<""]","[""Bảng dữ liệu thực hành · Chương 2"", "">Tình huống<""]","[1, 1]","implementation/edit-journal.json zero-based indices [54, 55]",evidence/after/logs/current-base-self-test.log; implementation/edit-journal.json,Exact copy only; adjacent data/model/uncertainty retained.
CP008,2. KE_TOAN_TAI_CHINH.html,baseline/learner-copy-review.txt:22,"- D, Ch3 / Bộ dữ liệu nghiệp vụ để đối chiếu: “Show structured transaction manifest (33 events; not verbatim reproduction)” → “Xem 33 nghiệp vụ trong bài tập”. Không thay danh sách 33 nghiệp vụ.",CONTEXT_REVIEW_EXACT_COPY,EDITED_VERIFIED,KE_TOAN_TAI_CHINH.html,Exact source context retained in journal; existing chapter IDs/order unchanged.,"[""Show structured transaction manifest (33 events; not verbatim reproduction)""]","[""Xem 33 nghiệp vụ trong bài tập""]",[1],implementation/edit-journal.json zero-based indices [56],evidence/after/logs/current-base-self-test.log; implementation/edit-journal.json,Exact copy only; adjacent data/model/uncertainty retained.
CP009,2. KE_TOAN_TAI_CHINH.html,baseline/learner-copy-review.txt:23,"- D/O, Ch3: “Statement-presentation Bảng dữ liệu · Chapter 3” → “Bảng thực hành trình bày báo cáo · Chương 3”.",CONTEXT_REVIEW_EXACT_COPY,EDITED_VERIFIED,KE_TOAN_TAI_CHINH.html,Exact source context retained in journal; existing chapter IDs/order unchanged.,"[""Statement-presentation Bảng dữ liệu · Chapter 3""]","[""Bảng thực hành trình bày báo cáo · Chương 3""]",[1],implementation/edit-journal.json zero-based indices [57],evidence/after/logs/current-base-self-test.log; implementation/edit-journal.json,Exact copy only; adjacent data/model/uncertainty retained.
CP010,2. KE_TOAN_TAI_CHINH.html,baseline/learner-copy-review.txt:24,"- D, Ch4 / Dữ liệu thực hành: “Other-income Câu hỏi tự luyện data (structured, not verbatim)” → “Bài tự luyện về thu nhập khác”; “Other-expense Câu hỏi tự luyện data (structured, not verbatim)” → “Bài tự luyện về chi phí khác”.",CONTEXT_REVIEW_EXACT_COPY,EDITED_VERIFIED,KE_TOAN_TAI_CHINH.html,Exact source context retained in journal; existing chapter IDs/order unchanged.,"[""Other-income Câu hỏi tự luyện data (structured, not verbatim)"", ""Other-expense Câu hỏi tự luyện data (structured, not verbatim)""]","[""Bài tự luyện về thu nhập khác"", ""Bài tự luyện về chi phí khác""]","[1, 1]","implementation/edit-journal.json zero-based indices [58, 59]",evidence/after/logs/current-base-self-test.log; implementation/edit-journal.json,Exact copy only; adjacent data/model/uncertainty retained.
CP011,2. KE_TOAN_TAI_CHINH.html,baseline/learner-copy-review.txt:25,"- D/O, Ch6: “Structured financial-statement Các bảng dữ liệu” → “Bảng dữ liệu báo cáo tài chính”. Giữ dòng “Ô trống thể hiện dữ kiện chưa có.”",CONTEXT_REVIEW_EXACT_COPY,EDITED_VERIFIED,KE_TOAN_TAI_CHINH.html,Exact source context retained in journal; existing chapter IDs/order unchanged.,"[""Structured financial-statement Các bảng dữ liệu""]","[""Bảng dữ liệu báo cáo tài chính""]",[1],implementation/edit-journal.json zero-based indices [60],evidence/after/logs/current-base-self-test.log; implementation/edit-journal.json,Exact copy only; adjacent data/model/uncertainty retained.
CP012,2. KE_TOAN_TAI_CHINH.html,baseline/learner-copy-review.txt:26,"- D, Ôn tập toàn môn / Formula & Method Deck: 14 badge “VERIFIED” → “Công thức” (hoặc bỏ badge). Đây là nhãn quy trình kiểm duyệt lộ ra, không phải kiến thức; không đổi công thức phía dưới.",CONTEXT_REVIEW_EXACT_COPY,EDITED_VERIFIED,KE_TOAN_TAI_CHINH.html,Exact source context retained in journal; existing chapter IDs/order unchanged.,"[""<span class=\""mini-badge badge-emerald\"">VERIFIED</span>""]","[""<span class=\""mini-badge badge-emerald\"">Công thức</span>""]",[14],implementation/edit-journal.json zero-based indices [61],evidence/after/logs/current-base-self-test.log; implementation/edit-journal.json,Exact copy only; adjacent data/model/uncertainty retained.
CP013,2. KE_TOAN_TAI_CHINH.html,baseline/learner-copy-review.txt:27,"- D/O, cuối Ôn tập toàn môn: “Chapter 3 title / coverage” → “Phạm vi nghiệp vụ Chương 3”; “Transaction workflows remain perpetual; periodic is named only.” → “Các ví dụ nghiệp vụ dùng phương pháp kê khai thường xuyên; phương pháp kiểm kê định kỳ được giới thiệu ở mức tổng quan.”",CONTEXT_REVIEW_EXACT_COPY,EDITED_VERIFIED,KE_TOAN_TAI_CHINH.html,Exact source context retained in journal; existing chapter IDs/order unchanged.,"[""Chapter 3 title / coverage"", ""Transaction workflows remain perpetual; periodic is named only.""]","[""Phạm vi nghiệp vụ Chương 3"", ""Các ví dụ nghiệp vụ dùng phương pháp kê khai thường xuyên; phương pháp kiểm kê định kỳ được giới thiệu ở mức tổng quan.""]","[1, 1]","implementation/edit-journal.json zero-based indices [62, 63]",evidence/after/logs/current-base-self-test.log; implementation/edit-journal.json,Exact copy only; adjacent data/model/uncertainty retained.
CP014,2. KE_TOAN_TAI_CHINH.html,baseline/learner-copy-review.txt:28,"- O toàn trang: nhóm rõ “Khái niệm và tài khoản”, “Sơ đồ hạch toán”, “Dữ liệu thực hành”, “Ôn nhanh”, bằng nhãn khối hiện có; các công cụ “Splitter/Mapper/Preview” nên có tên thao tác tiếng Việt phía trước. Không trộn chúng với lời giải đã chấm.",CONTEXT_REVIEW_EXACT_COPY,EDITED_VERIFIED,KE_TOAN_TAI_CHINH.html,Exact source context retained in journal; existing chapter IDs/order unchanged.,"[""Trading Security Cost vs Fee Splitter"", ""Production Cost Flow Mapper"", ""Equity SFP Preview""]","[""Tách giá mua và phí giao dịch chứng khoán"", ""Xem luồng hạch toán chi phí sản xuất"", ""Xem cách trình bày vốn chủ sở hữu""]","[1, 1, 1]","implementation/edit-journal.json zero-based indices [64, 65, 66]",evidence/after/logs/current-base-self-test.log; implementation/edit-journal.json,Exact copy only; adjacent data/model/uncertainty retained.
CP015,2. KE_TOAN_TAI_CHINH.html,baseline/learner-copy-review.txt:29,"- U cần giữ: bài tự luyện chưa có lời giải, bảng inventory chưa tính tự động, treasury shares yêu cầu người học nhập giá trị ghi sổ, giới hạn mã P&L 01–60. Không dùng thay copy để quảng bá công cụ rộng hơn khả năng hiện tại.",PRESERVE_QUALIFIER,PRESERVED_VERIFIED,,Exact source context retained in journal; existing chapter IDs/order unchanged.,[],[],[],implementation/edit-journal.json zero-based indices [],evidence/after/logs/current-base-self-test.log; implementation/edit-journal.json,Protected qualifier/function retained by whole-file current-base guard; no invented facts or answers.
CP016,3. NGUYEN_LY_KE_TOAN.html,baseline/learner-copy-review.txt:32,"- D/U, Ch2 / Cash Flow Statement & Notes: “Giới hạn tái dựng: Bố cục Company A/B chưa đủ rõ để ghép chắc chắn từng cột; phần này tập trung vào khái niệm và công thức net cash flow.” → “Lưu ý về ví dụ Company A/B: chưa đủ thông tin để xác định từng cột. Phần này ôn khái niệm và công thức dòng tiền thuần.”",CONTEXT_REVIEW_EXACT_COPY,EDITED_VERIFIED,NGUYEN_LY_KE_TOAN.html,Exact source context retained in journal; existing chapter IDs/order unchanged.,"[""<strong>Giới hạn tái dựng:</strong> Bố cục Company A/B chưa đủ rõ để ghép chắc chắn từng cột; phần này tập trung vào khái niệm và công thức net cash flow.""]","[""<strong>Lưu ý về ví dụ Company A/B:</strong> chưa đủ thông tin để xác định từng cột. Phần này ôn khái niệm và công thức dòng tiền thuần.""]",[1],implementation/edit-journal.json zero-based indices [122],evidence/after/logs/current-base-self-test.log; implementation/edit-journal.json,Exact copy only; adjacent data/model/uncertainty retained.
CP017,3. NGUYEN_LY_KE_TOAN.html,baseline/learner-copy-review.txt:33,"- D/U, Ch6: “Giới hạn dữ liệu: tiêu chí giá trị TSCĐ theo quy định hiện hành được nhắc nhưng không có ngưỡng số; Nội dung chưa cung cấp threshold.” → “Phần này chưa nêu ngưỡng giá trị để phân loại TSCĐ. Không suy ra ngưỡng từ các ví dụ.” Không tự bổ sung ngưỡng pháp lý.",CONTEXT_REVIEW_EXACT_COPY,EDITED_VERIFIED,NGUYEN_LY_KE_TOAN.html,Exact source context retained in journal; existing chapter IDs/order unchanged.,"[""<strong>Giới hạn dữ liệu:</strong> tiêu chí giá trị TSCĐ theo quy định hiện hành được nhắc nhưng không có ngưỡng số; Nội dung chưa cung cấp threshold.""]","[""<strong>Lưu ý:</strong> Phần này chưa nêu ngưỡng giá trị để phân loại TSCĐ. Không suy ra ngưỡng từ các ví dụ.""]",[1],implementation/edit-journal.json zero-based indices [123],evidence/after/logs/current-base-self-test.log; implementation/edit-journal.json,Exact copy only; adjacent data/model/uncertainty retained.
CP018,3. NGUYEN_LY_KE_TOAN.html,baseline/learner-copy-review.txt:34,"- O, Chart of Accounts Lookup: “Code depth: Cấu trúc mã được giải thích đến chữ số thứ 4...” → “Phạm vi giải thích mã tài khoản: đến chữ số thứ 4...”; giữ nguyên phần không suy rộng sang vị trí 5/6.",CONTEXT_REVIEW_EXACT_COPY,EDITED_VERIFIED,NGUYEN_LY_KE_TOAN.html,Exact source context retained in journal; existing chapter IDs/order unchanged.,"[""<strong>Code depth:</strong> Cấu trúc mã được giải thích đến chữ số thứ 4.""]","[""<strong>Phạm vi giải thích mã tài khoản:</strong> đến chữ số thứ 4.""]",[1],implementation/edit-journal.json zero-based indices [67],evidence/after/logs/current-base-self-test.log; implementation/edit-journal.json,Exact copy only; adjacent data/model/uncertainty retained.
CP019,3. NGUYEN_LY_KE_TOAN.html,baseline/learner-copy-review.txt:35,"- U cần giữ: tên 112 có hai cách gọi/tài liệu tham chiếu khác nhau; bảng tỷ lệ là dữ liệu bài tập, chưa xác nhận hiệu lực hiện tại; ngày vận chuyển Sep 19 vs 18/9. Có thể gom thành hộp “Lưu ý khi dùng ví dụ”, không tự chọn một bên.",PRESERVE_QUALIFIER,PRESERVED_VERIFIED,,Exact source context retained in journal; existing chapter IDs/order unchanged.,[],[],[],implementation/edit-journal.json zero-based indices [],evidence/after/logs/current-base-self-test.log; implementation/edit-journal.json,Protected qualifier/function retained by whole-file current-base guard; no invented facts or answers.
CP020,4. VAN_HOA_VA_DAO_DUC_TRONG_KINH_DOANH_QUOC_TE.html,baseline/learner-copy-review.txt:38,"- D/O, Ch2 / Three cultural models: “So sánh framing, sample và cardinality theo đúng dữ liệu.” → “So sánh góc nhìn, mẫu nghiên cứu và số chiều văn hóa của ba mô hình.”",CONTEXT_REVIEW_EXACT_COPY,EDITED_VERIFIED,VAN_HOA_VA_DAO_DUC_TRONG_KINH_DOANH_QUOC_TE.html,Exact source context retained in journal; existing chapter IDs/order unchanged.,"[""So sánh framing, sample và cardinality theo đúng dữ liệu.""]","[""So sánh góc nhìn, mẫu nghiên cứu và số chiều văn hóa của ba mô hình.""]",[1],implementation/edit-journal.json zero-based indices [68],evidence/after/logs/current-base-self-test.log; implementation/edit-journal.json,Exact copy only; adjacent data/model/uncertainty retained.
CP021,4. VAN_HOA_VA_DAO_DUC_TRONG_KINH_DOANH_QUOC_TE.html,baseline/learner-copy-review.txt:39,"- D/O, Ch2 / Hofstede dimension explorer: “Sáu detailed dimensions + low/high cues + exact country-score viewer.” → “Khám phá sáu chiều văn hóa, đặc điểm ở hai mức thấp/cao và điểm số theo quốc gia.” Giữ nguyên bảng điểm.",CONTEXT_REVIEW_EXACT_COPY,EDITED_VERIFIED,VAN_HOA_VA_DAO_DUC_TRONG_KINH_DOANH_QUOC_TE.html,Exact source context retained in journal; existing chapter IDs/order unchanged.,"[""Sáu detailed dimensions + low/high cues + exact country-score viewer.""]","[""Khám phá sáu chiều văn hóa, đặc điểm ở hai mức thấp/cao và điểm số theo quốc gia.""]",[1],implementation/edit-journal.json zero-based indices [69],evidence/after/logs/current-base-self-test.log; implementation/edit-journal.json,Exact copy only; adjacent data/model/uncertainty retained.
CP022,4. VAN_HOA_VA_DAO_DUC_TRONG_KINH_DOANH_QUOC_TE.html,baseline/learner-copy-review.txt:40,"- D/U, cuối Ch2: đoạn bắt đầu “Lưu ý khi đọc sơ đồ: một số world maps, country scatterplots...” và kết “không nhập dữ liệu ngoài để ‘lấp chỗ trống’.” → “Một số bản đồ, đồ thị quốc gia và bảng xếp hạng chưa đủ chi tiết để đọc điểm hoặc số liệu chính xác. Hãy ôn trục, chú giải, ý nghĩa và các giá trị có sẵn; không suy ra phần còn thiếu.” Vẫn lưu mô tả nguồn gốc trong tài liệu nội bộ nếu cần.",CONTEXT_REVIEW_EXACT_COPY,EDITED_VERIFIED,VAN_HOA_VA_DAO_DUC_TRONG_KINH_DOANH_QUOC_TE.html,Exact source context retained in journal; existing chapter IDs/order unchanged.,"[""<strong>Lưu ý khi đọc sơ đồ:</strong> một số world maps, country scatterplots, bảng Ease of Doing Business 190 nền kinh tế và bảng best regulatory performance có microtext/điểm màu không đủ dữ liệu để tái tạo chính xác. Trang chỉ giữ axes/legend/ý nghĩa hoặc dữ liệu đọc được; không nhập dữ liệu ngoài để “lấp chỗ trống”.""]","[""<strong>Lưu ý khi đọc sơ đồ:</strong> Một số bản đồ, đồ thị quốc gia và bảng xếp hạng chưa đủ chi tiết để đọc điểm hoặc số liệu chính xác. Hãy ôn trục, chú giải, ý nghĩa và các giá trị có sẵn; không suy ra phần còn thiếu.""]",[1],implementation/edit-journal.json zero-based indices [70],evidence/after/logs/current-base-self-test.log; implementation/edit-journal.json,Exact copy only; adjacent data/model/uncertainty retained.
CP023,4. VAN_HOA_VA_DAO_DUC_TRONG_KINH_DOANH_QUOC_TE.html,baseline/learner-copy-review.txt:41,"- D/O, Ch3 / Four corporate cultures: “2×2 matrix + exact four-type summary.” → “Ma trận 2×2 và bảng tóm tắt bốn loại văn hóa tổ chức.”",CONTEXT_REVIEW_EXACT_COPY,EDITED_VERIFIED,VAN_HOA_VA_DAO_DUC_TRONG_KINH_DOANH_QUOC_TE.html,Exact source context retained in journal; existing chapter IDs/order unchanged.,"[""2×2 matrix + exact four-type summary.""]","[""Ma trận 2×2 và bảng tóm tắt bốn loại văn hóa tổ chức.""]",[1],implementation/edit-journal.json zero-based indices [71],evidence/after/logs/current-base-self-test.log; implementation/edit-journal.json,Exact copy only; adjacent data/model/uncertainty retained.
CP024,4. VAN_HOA_VA_DAO_DUC_TRONG_KINH_DOANH_QUOC_TE.html,baseline/learner-copy-review.txt:42,"- O, Ch3 / Cultural diversity: “Benefits/problems are conditional; six guidelines remain a checklist, not a causal process.” → “Lợi ích và hạn chế phụ thuộc bối cảnh. Sáu hướng dẫn dưới đây là các điểm cần cân nhắc.” Giữ tính không tuyến tính, không vẽ lại thành quy trình nhân quả.",CONTEXT_REVIEW_EXACT_COPY,EDITED_VERIFIED,VAN_HOA_VA_DAO_DUC_TRONG_KINH_DOANH_QUOC_TE.html,Exact source context retained in journal; existing chapter IDs/order unchanged.,"[""Benefits/problems are conditional; six guidelines remain a checklist, not a causal process.""]","[""Lợi ích và hạn chế phụ thuộc bối cảnh. Sáu hướng dẫn dưới đây là các điểm cần cân nhắc.""]",[1],implementation/edit-journal.json zero-based indices [72],evidence/after/logs/current-base-self-test.log; implementation/edit-journal.json,Exact copy only; adjacent data/model/uncertainty retained.
CP025,4. VAN_HOA_VA_DAO_DUC_TRONG_KINH_DOANH_QUOC_TE.html,baseline/learner-copy-review.txt:43,- U cần giữ: Toyota có ba giá trị tổng 90%; lịch sử Hofstede 4→5→6 và hai bối cảnh; cảnh báo không khái quát quốc gia từ tình huống minh họa. Đây không phải rác nội bộ.,PRESERVE_QUALIFIER,PRESERVED_VERIFIED,,Exact source context retained in journal; existing chapter IDs/order unchanged.,[],[],[],implementation/edit-journal.json zero-based indices [],evidence/after/logs/current-base-self-test.log; implementation/edit-journal.json,Protected qualifier/function retained by whole-file current-base guard; no invented facts or answers.
CP026,5. TAM_LY_UNG_DUNG.html,baseline/learner-copy-review.txt:46,"- D, Ch1: “School visuals — bám sát nội dung bài recreation” → “Sơ đồ minh họa các trường phái tâm lý học”.",CONTEXT_REVIEW_EXACT_COPY,EDITED_VERIFIED,TAM_LY_UNG_DUNG.html,Exact source context retained in journal; existing chapter IDs/order unchanged.,"[""School visuals — bám sát nội dung bài recreation""]","[""Sơ đồ minh họa các trường phái tâm lý học""]",[1],implementation/edit-journal.json zero-based indices [73],evidence/after/logs/current-base-self-test.log; implementation/edit-journal.json,Exact copy only; adjacent data/model/uncertainty retained.
CP027,5. TAM_LY_UNG_DUNG.html,baseline/learner-copy-review.txt:47,"- D/U, Ch1 / Research methods: “Không có separate Ví dụ.” → “Phần này giới thiệu phương pháp; chưa có ví dụ riêng.”",CONTEXT_REVIEW_EXACT_COPY,EDITED_VERIFIED,TAM_LY_UNG_DUNG.html,Exact source context retained in journal; existing chapter IDs/order unchanged.,"[""Không có separate Ví dụ.""]","[""Phần này giới thiệu phương pháp; chưa có ví dụ riêng.""]",[1],implementation/edit-journal.json zero-based indices [74],evidence/after/logs/current-base-self-test.log; implementation/edit-journal.json,Exact copy only; adjacent data/model/uncertainty retained.
CP028,5. TAM_LY_UNG_DUNG.html,baseline/learner-copy-review.txt:48,"- D/U, Ch2 / Weber calculator: “Câu hỏi uses 100 candles with K=0.08. Any number shown here is calculator output from the verified formula, not a worked solution.” → “Ví dụ dùng 100 cây nến và K = 0,08. Máy tính áp dụng ΔI = K × I; kết quả hiển thị không thay thế phần trình bày lời giải.” Giữ công thức và tham số.",CONTEXT_REVIEW_EXACT_COPY,EDITED_VERIFIED,TAM_LY_UNG_DUNG.html,Exact source context retained in journal; existing chapter IDs/order unchanged.,"[""<p class=\""text-xs text-slate-500 mt-2\"">Câu hỏi uses 100 candles with K=0.08. Any number shown here is calculator output from the verified formula, <strong>not</strong> a worked solution.</p>""]","[""<p class=\""hint\"">Ví dụ dùng 100 cây nến và K = 0,08. Máy tính áp dụng ΔI = K × I; kết quả hiển thị không thay thế phần trình bày lời giải.</p>""]",[1],implementation/edit-journal.json zero-based indices [124],evidence/after/logs/current-base-self-test.log; implementation/edit-journal.json,Exact copy only; adjacent data/model/uncertainty retained.
CP029,5. TAM_LY_UNG_DUNG.html,baseline/learner-copy-review.txt:49,"- D, Ch7 / 2×2 operant matrix: đoạn “the blank practice file heading contains ‘ANSWER KEY’ ... S6 ... document-label inconsistency, not an academic-content conflict.” chỉ là nhận xét file nguồn. Đưa ra khỏi thân bài; hướng dẫn thay thế “Hãy xác định tình huống trước khi xem đáp án ở phần luyện tập.” Nếu giao diện chưa có xem đáp án, bỏ câu thay thế này và chỉ giữ hướng dẫn phân loại.",CONTEXT_REVIEW_EXACT_COPY,EDITED_VERIFIED,TAM_LY_UNG_DUNG.html,Exact source context retained in journal; existing chapter IDs/order unchanged.,"[""the blank practice file heading contains “ANSWER KEY” although response blanks are empty; S6 is the separate filled answer key. This is a document-label inconsistency, not an academic-content conflict.""]","[""Hãy phân loại tình huống theo hệ quả và tác động tới hành vi.""]",[1],implementation/edit-journal.json zero-based indices [75],evidence/after/logs/current-base-self-test.log; implementation/edit-journal.json,Exact copy only; adjacent data/model/uncertainty retained.
CP030,5. TAM_LY_UNG_DUNG.html,baseline/learner-copy-review.txt:50,"- O/U, Review / Master Flashcard Deck: bộ lọc có Ch1–4 + Supplement Operant, thiếu Ch5–6. Chuỗi “Bộ thẻ ôn tập bao quát toàn diện các kiến thức trọng tâm của các chương lý thuyết và bài tập thực hành.” đang hứa quá phạm vi. → “Ôn các thẻ đang có của Chương 1–4 và phần điều kiện hóa thao tác; dùng bộ lọc để chọn nội dung.” Không tạo thẻ Ch5–6 trong pass copy.",CONTEXT_REVIEW_EXACT_COPY,EDITED_VERIFIED,TAM_LY_UNG_DUNG.html,Exact source context retained in journal; existing chapter IDs/order unchanged.,"[""Bộ thẻ ôn tập bao quát toàn diện các kiến thức trọng tâm của các chương lý thuyết và bài tập thực hành.""]","[""Ôn các thẻ đang có của Chương 1–4 và phần điều kiện hóa thao tác; dùng bộ lọc để chọn nội dung.""]",[1],implementation/edit-journal.json zero-based indices [76],evidence/after/logs/current-base-self-test.log; implementation/edit-journal.json,Exact copy only; adjacent data/model/uncertainty retained.
CP031,5. TAM_LY_UNG_DUNG.html,baseline/learner-copy-review.txt:51,"- U cần giữ: ví dụ S.F. có 3493 / ‘...2 seconds’ / 3492; các cột hình ảnh chỉ tương quan, đường cong quên không dùng đọc số tuyệt đối; taste illustration không chứng minh mỗi vùng lưỡi chỉ nhận một vị; Biological Foundation chỉ có sáu tên.",PRESERVE_QUALIFIER,PRESERVED_VERIFIED,,Exact source context retained in journal; existing chapter IDs/order unchanged.,[],[],[],implementation/edit-journal.json zero-based indices [],evidence/after/logs/current-base-self-test.log; implementation/edit-journal.json,Protected qualifier/function retained by whole-file current-base guard; no invented facts or answers.
CP032,6. TAI_CHINH_CA_NHAN.html,baseline/learner-copy-review.txt:54,"- D/O, Ch4: “Exact Balance-Sheet Examples” → “Ví dụ bảng cân đối cá nhân”; “Exact Cash-Flow Examples” → “Ví dụ báo cáo dòng tiền”. Giữ dữ liệu minh họa và đơn vị.",CONTEXT_REVIEW_EXACT_COPY,EDITED_VERIFIED,TAI_CHINH_CA_NHAN.html,Exact source context retained in journal; existing chapter IDs/order unchanged.,"[""Exact Balance-Sheet Examples"", ""Exact Cash-Flow Examples""]","[""Ví dụ bảng cân đối cá nhân"", ""Ví dụ báo cáo dòng tiền""]","[1, 1]","implementation/edit-journal.json zero-based indices [78, 79]",evidence/after/logs/current-base-self-test.log; implementation/edit-journal.json,Exact copy only; adjacent data/model/uncertainty retained.
CP033,6. TAI_CHINH_CA_NHAN.html,baseline/learner-copy-review.txt:55,"- D/U, Ch4: “Các factor labels cụ thể không được đóng gói thành dữ liệu text đáng tin cậy...” → “Phần này thể hiện quan hệ dòng tiền vào và dòng tiền ra; chưa đủ thông tin để nêu từng yếu tố.”",CONTEXT_REVIEW_EXACT_COPY,EDITED_VERIFIED,TAI_CHINH_CA_NHAN.html,Exact source context retained in journal; existing chapter IDs/order unchanged.,"[""Các factor labels cụ thể không được đóng gói thành dữ liệu text đáng tin cậy, nên trang chỉ giữ quan hệ inflow/outflow thay vì tự điền tên yếu tố.""]","[""Phần này thể hiện quan hệ dòng tiền vào và dòng tiền ra; chưa đủ thông tin để nêu từng yếu tố.""]",[1],implementation/edit-journal.json zero-based indices [80],evidence/after/logs/current-base-self-test.log; implementation/edit-journal.json,Exact copy only; adjacent data/model/uncertainty retained.
CP034,6. TAI_CHINH_CA_NHAN.html,baseline/learner-copy-review.txt:56,"- D/O, Ch4: “Ý chính: Quan hệ học thuật: visual compares two compounding paths to illustrate timing effects.” → “Sơ đồ so sánh hai quá trình tích lũy để minh họa tác động của thời điểm đóng góp.” Không tính lại các bảng từ công thức FV đơn lẻ.",CONTEXT_REVIEW_EXACT_COPY,EDITED_VERIFIED,TAI_CHINH_CA_NHAN.html,Exact source context retained in journal; existing chapter IDs/order unchanged.,"[""<strong>Ý chính:</strong> Quan hệ học thuật: visual compares two compounding paths to illustrate timing effects.""]","[""<strong>Minh họa định tính:</strong> Sơ đồ so sánh hai quá trình tích lũy để minh họa tác động của thời điểm đóng góp.""]",[1],implementation/edit-journal.json zero-based indices [125],evidence/after/logs/current-base-self-test.log; implementation/edit-journal.json,Exact copy only; adjacent data/model/uncertainty retained.
CP035,6. TAI_CHINH_CA_NHAN.html,baseline/learner-copy-review.txt:57,"- D/U, Ch5 / health plan: “Detailed rows/cells from are not extractable; no plan features or values are invented.” → “Chưa đủ chi tiết từng phương án bảo hiểm để so sánh quyền lợi và chi phí.” Giữ bốn câu hỏi độc lập, không ghép A/B/C/D khi thiếu nguồn.",CONTEXT_REVIEW_EXACT_COPY,EDITED_VERIFIED,TAI_CHINH_CA_NHAN.html,Exact source context retained in journal; existing chapter IDs/order unchanged.,"[""Detailed rows/cells from are not extractable; no plan features or values are invented.""]","[""Chưa đủ chi tiết từng phương án bảo hiểm để so sánh quyền lợi và chi phí.""]",[1],implementation/edit-journal.json zero-based indices [81],evidence/after/logs/current-base-self-test.log; implementation/edit-journal.json,Exact copy only; adjacent data/model/uncertainty retained.
CP036,6. TAI_CHINH_CA_NHAN.html,baseline/learner-copy-review.txt:58,"- D, Ch5 / Risk-Management Step Ordering: “Chọn đúng 5 steps from. This is not the ambiguous claims process.” → “Sắp xếp năm bước của quy trình quản lý rủi ro.” Không đụng các bước.",CONTEXT_REVIEW_EXACT_COPY,EDITED_VERIFIED,TAI_CHINH_CA_NHAN.html,Exact source context retained in journal; existing chapter IDs/order unchanged.,"[""Chọn đúng 5 steps from. This is not the ambiguous claims process.""]","[""Sắp xếp năm bước của quy trình quản lý rủi ro.""]",[1],implementation/edit-journal.json zero-based indices [82],evidence/after/logs/current-base-self-test.log; implementation/edit-journal.json,Exact copy only; adjacent data/model/uncertainty retained.
CP037,6. TAI_CHINH_CA_NHAN.html,baseline/learner-copy-review.txt:59,"- D/O, Ch5 / Homeowner Reimbursement Calculator: “Apply Công thức exactly. Coverage factor restricted to 0.80 or 1.00.” → “Áp dụng công thức bên trên. Chọn hệ số bảo hiểm 0,80 hoặc 1,00 theo điều kiện của bài.”",CONTEXT_REVIEW_EXACT_COPY,EDITED_VERIFIED,TAI_CHINH_CA_NHAN.html,Exact source context retained in journal; existing chapter IDs/order unchanged.,"[""Apply Công thức exactly. Coverage factor restricted to 0.80 or 1.00.""]","[""Áp dụng công thức bên trên. Chọn hệ số bảo hiểm 0,80 hoặc 1,00 theo điều kiện của bài.""]",[1],implementation/edit-journal.json zero-based indices [83],evidence/after/logs/current-base-self-test.log; implementation/edit-journal.json,Exact copy only; adjacent data/model/uncertainty retained.
CP038,6. TAI_CHINH_CA_NHAN.html,baseline/learner-copy-review.txt:60,"- D, Ch6: “Unverified Bài tập minh họa” → “Bài tự luyện”; “S8 Credit-Card Case Workspace” → “Thực hành tình huống thẻ tín dụng”; “không auto-solve ... không gắn ‘verified answer’” → “Bạn tự ghi cách làm và kết quả; hoạt động này chưa chấm đáp án.” Giữ nhãn “chưa có lời giải mẫu”.",CONTEXT_REVIEW_EXACT_COPY,EDITED_VERIFIED,TAI_CHINH_CA_NHAN.html,Exact source context retained in journal; existing chapter IDs/order unchanged.,"[""Unverified Bài tập minh họa"", ""S8 Credit-Card Case Workspace"", ""Dùng dữ kiện của tình huống để ghi cách làm và kết quả. Bài tập này <strong>không auto-solve</strong> và không gắn “verified answer” cho kết quả người học.""]","[""Bài tự luyện"", ""Thực hành tình huống thẻ tín dụng"", ""Bạn tự ghi cách làm và kết quả; hoạt động này chưa chấm đáp án.""]","[1, 1, 1]","implementation/edit-journal.json zero-based indices [84, 85, 86]",evidence/after/logs/current-base-self-test.log; implementation/edit-journal.json,Exact copy only; adjacent data/model/uncertainty retained.
CP039,6. TAI_CHINH_CA_NHAN.html,baseline/learner-copy-review.txt:61,"- D/O, Review flashcards: “10 principles: exact cardinality?” → “Học phần nêu bao nhiêu nguyên tắc tài chính cá nhân?”; “Planning process: exact cardinality?” → “Quy trình lập kế hoạch tài chính cá nhân có bao nhiêu bước?” Đổi cả aria-label tương ứng, giữ đáp án 10 và 5.",CONTEXT_REVIEW_EXACT_COPY,EDITED_VERIFIED,TAI_CHINH_CA_NHAN.html,Exact source context retained in journal; existing chapter IDs/order unchanged.,"[""10 principles: exact cardinality?"", ""Planning process: exact cardinality?""]","[""Học phần nêu bao nhiêu nguyên tắc tài chính cá nhân?"", ""Quy trình lập kế hoạch tài chính cá nhân có bao nhiêu bước?""]","[2, 2]","implementation/edit-journal.json zero-based indices [87, 88]",evidence/after/logs/current-base-self-test.log; implementation/edit-journal.json,Exact copy only; adjacent data/model/uncertainty retained.
CP040,6. TAI_CHINH_CA_NHAN.html,baseline/learner-copy-review.txt:62,"- O/U, Ch2 “Vietnamese career-field salary-range visual”: 14 thẻ nghề đều lặp “Chưa có khoảng lương để đối chiếu.”; “Career Plans for Harry Johnson” lặp ba mục “Chưa có nội dung mục tiêu cụ thể.”; “Second-income worksheet” có “bảng thực hành dimension/outcome label”. Không hiển thị như ví dụ hoàn chỉnh. Gom mỗi khối rỗng thành một thông báo nhỏ “Ví dụ này chưa đủ số liệu để thực hành.” hoặc đưa vào một details đóng mặc định. Giữ nhãn/ngữ cảnh có nguồn, không thêm số lương/mục tiêu/công thức mới.",CONTEXT_REVIEW_EXACT_COPY,EDITED_VERIFIED,TAI_CHINH_CA_NHAN.html,Exact source context retained in journal; existing chapter IDs/order unchanged.,"[""bảng thực hành dimension"", ""outcome label"", ""<div>\n <h4 class=\""sub-title\"">Vietnamese career-field salary-range visual</h4>\n <div class=\""concept-grid\""><div class=\""concept-card\""><h4>IT</h4><p class=\""muted\"">Chưa có khoảng lương để đối chiếu.</p></div><div class=\""concept-card\""><h4>Marketing</h4><p class=\""muted\"">Chưa có khoảng lương để đối chiếu.</p></div><div class=\""concept-card\""><h4>Fashion</h4><p class=\""muted\"">Chưa có khoảng lương để đối chiếu.</p></div><div class=\""concept-card\""><h4>Construction</h4><p class=\""muted\"">Chưa có khoảng lương để đối chiếu.</p></div><div class=\""concept-card\""><h4>Tourism</h4><p class=\""muted\"">Chưa có khoảng lương để đối chiếu.</p></div><div class=\""concept-card\""><h4>Foreign Languages</h4><p class=\""muted\"">Chưa có khoảng lương để đối chiếu.</p></div><div class=\""concept-card\""><h4>Hotel Management</h4><p class=\""muted\"">Chưa có khoảng lương để đối chiếu.</p></div><div class=\""concept-card\""><h4>Electrical/Electronics</h4><p class=\""muted\"">Chưa có khoảng lương để đối chiếu.</p></div><div class=\""concept-card\""><h4>Medicine</h4><p class=\""muted\"">Chưa có khoảng lương để đối chiếu.</p></div><div class=\""concept-card\""><h4>Food Technology</h4><p class=\""muted\"">Chưa có khoảng lương để đối chiếu.</p></div><div class=\""concept-card\""><h4>Real Estate</h4><p class=\""muted\"">Chưa có khoảng lương để đối chiếu.</p></div><div class=\""concept-card\""><h4>Law</h4><p class=\""muted\"">Chưa có khoảng lương để đối chiếu.</p></div><div class=\""concept-card\""><h4>Banking</h4><p class=\""muted\"">Chưa có khoảng lương để đối chiếu.</p></div><div class=\""concept-card\""><h4>Aviation</h4><p class=\""muted\"">Chưa có khoảng lương để đối chiếu.</p></div></div>\n <div class=\""status-note\"">Bảng chưa có khoảng lương để đối chiếu.</div>\n </div>"", ""<div>\n <h4 class=\""sub-title\"">Career Plans for Harry Johnson</h4>\n <div class=\""timeline\"">\n <div class=\""timeline-item\""><strong>Initial</strong><span>Giai đoạn định hướng ban đầu</span></div>\n <div class=\""timeline-item\""><strong>Short-term</strong><span>Chưa có nội dung mục tiêu cụ thể.</span></div>\n <div class=\""timeline-item\""><strong>Medium-term</strong><span>Chưa có nội dung mục tiêu cụ thể.</span></div>\n <div class=\""timeline-item\""><strong>Long-term</strong><span>Chưa có nội dung mục tiêu cụ thể.</span></div>\n </div>\n <div class=\""status-note\"">Ví dụ Harry Johnson chưa có đủ nội dung mục tiêu và mốc năm.</div>\n </div>"", ""Vietnamese career-field salary-range visual""]","[""chiều phân tích trong bảng thực hành"", ""nhãn kết quả"", ""<details class=\""edu-incomplete\""><summary>Ví dụ khoảng lương theo nghề — chưa đủ số liệu</summary><p>Ví dụ này chưa đủ số liệu để thực hành. Các nhãn gốc được giữ bên dưới để đối chiếu.</p><div>\n <h4 class=\""sub-title\"">Vietnamese career-field salary-range visual</h4>\n <div class=\""concept-grid\""><div class=\""concept-card\""><h4>IT</h4><p class=\""muted\"">Chưa có khoảng lương để đối chiếu.</p></div><div class=\""concept-card\""><h4>Marketing</h4><p class=\""muted\"">Chưa có khoảng lương để đối chiếu.</p></div><div class=\""concept-card\""><h4>Fashion</h4><p class=\""muted\"">Chưa có khoảng lương để đối chiếu.</p></div><div class=\""concept-card\""><h4>Construction</h4><p class=\""muted\"">Chưa có khoảng lương để đối chiếu.</p></div><div class=\""concept-card\""><h4>Tourism</h4><p class=\""muted\"">Chưa có khoảng lương để đối chiếu.</p></div><div class=\""concept-card\""><h4>Foreign Languages</h4><p class=\""muted\"">Chưa có khoảng lương để đối chiếu.</p></div><div class=\""concept-card\""><h4>Hotel Management</h4><p class=\""muted\"">Chưa có khoảng lương để đối chiếu.</p></div><div class=\""concept-card\""><h4>Electrical/Electronics</h4><p class=\""muted\"">Chưa có khoảng lương để đối chiếu.</p></div><div class=\""concept-card\""><h4>Medicine</h4><p class=\""muted\"">Chưa có khoảng lương để đối chiếu.</p></div><div class=\""concept-card\""><h4>Food Technology</h4><p class=\""muted\"">Chưa có khoảng lương để đối chiếu.</p></div><div class=\""concept-card\""><h4>Real Estate</h4><p class=\""muted\"">Chưa có khoảng lương để đối chiếu.</p></div><div class=\""concept-card\""><h4>Law</h4><p class=\""muted\"">Chưa có khoảng lương để đối chiếu.</p></div><div class=\""concept-card\""><h4>Banking</h4><p class=\""muted\"">Chưa có khoảng lương để đối chiếu.</p></div><div class=\""concept-card\""><h4>Aviation</h4><p class=\""muted\"">Chưa có khoảng lương để đối chiếu.</p></div></div>\n <div class=\""status-note\"">Bảng chưa có khoảng lương để đối chiếu.</div>\n </div></details>"", ""<details class=\""edu-incomplete\""><summary>Kế hoạch nghề nghiệp của Harry Johnson — chưa đủ dữ kiện</summary><p>Ví dụ này chưa đủ số liệu để thực hành. Các nhãn gốc được giữ bên dưới để đối chiếu.</p><div>\n <h4 class=\""sub-title\"">Career Plans for Harry Johnson</h4>\n <div class=\""timeline\"">\n <div class=\""timeline-item\""><strong>Initial</strong><span>Giai đoạn định hướng ban đầu</span></div>\n <div class=\""timeline-item\""><strong>Short-term</strong><span>Chưa có nội dung mục tiêu cụ thể.</span></div>\n <div class=\""timeline-item\""><strong>Medium-term</strong><span>Chưa có nội dung mục tiêu cụ thể.</span></div>\n <div class=\""timeline-item\""><strong>Long-term</strong><span>Chưa có nội dung mục tiêu cụ thể.</span></div>\n </div>\n <div class=\""status-note\"">Ví dụ Harry Johnson chưa có đủ nội dung mục tiêu và mốc năm.</div>\n </div></details>"", ""Khoảng lương theo nhóm nghề""]","[2, 1, 1, 1, 1]","implementation/edit-journal.json zero-based indices [89, 90, 129, 130, 131]",evidence/after/logs/current-base-self-test.log; implementation/edit-journal.json,Exact copy only; adjacent data/model/uncertainty retained.
CP041,6. TAI_CHINH_CA_NHAN.html,baseline/learner-copy-review.txt:63,"- O/U, Ch5 “How to buy life insurance — six-position visual”: sáu thẻ giống nhau “Unordered consideration / Exact label mapping unavailable.” không mang thông tin học. Gom thành “Các điểm cân nhắc khi mua bảo hiểm nhân thọ; chưa đủ thông tin để xác định thứ tự sáu vị trí.” và trình bày các consideration đã có như danh sách không đánh số. Giữ ghi chú chưa xác định thứ tự; không ghép lại sáu nhãn.",CONTEXT_REVIEW_EXACT_COPY,EDITED_VERIFIED,TAI_CHINH_CA_NHAN.html,Exact source context retained in journal; existing chapter IDs/order unchanged.,"[""<div class=\""mt-4 limited-visual\"">\n <div class=\""limited-icon\"">6</div>\n <div>\n <h4>How to buy life insurance — six-position visual</h4>\n <div class=\""concept-grid mt-3\"">\n <div class=\""concept-card\""><h4>Unordered consideration</h4><p>Exact label mapping unavailable.</p></div>\n <div class=\""concept-card\""><h4>Unordered consideration</h4><p>Exact label mapping unavailable.</p></div>\n <div class=\""concept-card\""><h4>Unordered consideration</h4><p>Exact label mapping unavailable.</p></div>\n <div class=\""concept-card\""><h4>Unordered consideration</h4><p>Exact label mapping unavailable.</p></div>\n <div class=\""concept-card\""><h4>Unordered consideration</h4><p>Exact label mapping unavailable.</p></div>\n <div class=\""concept-card\""><h4>Unordered consideration</h4><p>Exact label mapping unavailable.</p></div>\n </div>\n <p class=\""mt-3\""><strong>Điểm cần nhớ:</strong> sales commissions can amount to 90 percent of the annual premium.</p>\n <p class=\""muted mt-2\"">Các consideration được trình bày theo nhóm; thứ tự chi tiết chưa được xác định.</p>\n </div>\n </div>""]","[""<div class=\""mt-4 limited-visual\"">\n \n <div>\n <h4>Các điểm cân nhắc khi mua bảo hiểm nhân thọ</h4>\n <p class=\""status-note\"">Chưa đủ thông tin để xác định thứ tự sáu vị trí.</p><div class=\""concept-grid mt-3\"">\n \n \n \n \n \n \n </div>\n <p class=\""mt-3\""><strong>Điểm cần nhớ:</strong> sales commissions can amount to 90 percent of the annual premium.</p>\n <p class=\""muted mt-2\"">Các consideration được trình bày theo nhóm; thứ tự chi tiết chưa được xác định.</p>\n </div>\n </div>""]",[1],implementation/edit-journal.json zero-based indices [132],evidence/after/logs/current-base-self-test.log; implementation/edit-journal.json,Exact copy only; adjacent data/model/uncertainty retained.
CP042,6. TAI_CHINH_CA_NHAN.html,baseline/learner-copy-review.txt:64,"- O/U, Ch1/4/5 còn nhiều khối chỉ có title + “Ý chính” + giới hạn không có dữ liệu (age/contribution, premiums table, insurance odds, life-cycle). Đóng gọn những khối thật sự rỗng, không để ◌/mũi tên và tên đồ thị làm người học tưởng có biểu đồ để đọc. Các đồ thị có ý nghĩa định tính phải giữ nhãn “minh họa định tính”.",CONTEXT_REVIEW_EXACT_COPY,EDITED_VERIFIED,TAI_CHINH_CA_NHAN.html,Exact source context retained in journal; existing chapter IDs/order unchanged.,"[""<div class=\""limited-visual\"">\n <div class=\""limited-icon\"">◌</div>\n <div>\n <h4>Starting age / $1 million by age 68</h4>\n <p><strong>Ý chính:</strong> Quan hệ minh họa: bắt đầu ở các độ tuổi khác nhau và mức lãi suất khác nhau làm thay đổi khoản đóng góp cần thiết để đạt $1 million ở tuổi 68.</p>\n <p class=\""muted\""><strong>Giới hạn dữ liệu:</strong> Bảng chưa có số liệu cụ thể về tuổi và khoản đóng góp.</p>\n </div>\n </div>"", ""<div class=\""limited-visual\"">\n <div class=\""limited-icon\"">◌</div>\n <div>\n <h4>Decision Making Worksheet</h4>\n <p><strong>Ý chính:</strong> Work-style reflection, values, professional interests và benefits/costs là các trường thông tin tiêu chuẩn để định hướng nghề nghiệp.</p>\n <p class=\""muted\""><strong>Giới hạn dữ liệu:</strong> Bảng chưa có đầy đủ tiêu chí và thang điểm để tự chấm.</p>\n </div>\n </div>"", ""<div class=\""limited-visual\"">\n <div class=\""limited-icon\"">◌</div>\n <div>\n <h4>Bancassurance product table</h4>\n <p><strong>Ý chính:</strong> Bảng phân biệt life và non-life bancassurance products, đồng thời minh họa quan hệ bank ↔ insurer.</p>\n <p class=\""muted\""><strong>Giới hạn dữ liệu:</strong> Phần này chưa có danh sách sản phẩm life/non-life để đối chiếu.</p>\n </div>\n </div>"", ""<div class=\""limited-visual\"">\n <div class=\""limited-icon\"">◌</div>\n <div>\n <h4>Personal Property Checklist — Living Room</h4>\n <p><strong>Ý chính:</strong> Sơ đồ uses columns for purchase price, actual cash value and replacement cost.</p>\n <p class=\""muted\""><strong>Giới hạn dữ liệu:</strong> Chưa có chi tiết từng tài sản và giá trị để lập bảng kiểm kê định lượng.</p>\n </div>\n </div>"", ""<div class=\""limited-visual\"">\n <div class=\""limited-icon\"">◌</div>\n <div>\n <h4>Basic supplemental group health insurance plans table</h4>\n <p><strong>Ý chính:</strong> Đối chiếu tiêu đề với nhóm tương ứng.</p>\n <p class=\""muted\""><strong>Giới hạn dữ liệu:</strong> Chưa đủ chi tiết từng phương án bảo hiểm để so sánh quyền lợi và chi phí.</p>\n </div>\n </div>"", ""<div class=\""limited-visual\"">\n <div class=\""limited-icon\"">◌</div>\n <div>\n <h4>$100,000 policy annual-premiums table</h4>\n <p><strong>Ý chính:</strong> So sánh phí thường niên giữa các loại bảo hiểm nhân thọ.</p>\n <p class=\""muted\""><strong>Giới hạn dữ liệu:</strong> Chưa có chi tiết hợp đồng và mức phí để so sánh định lượng.</p>\n </div>\n </div>"", ""<div class=\""limited-visual\"">\n <div class=\""limited-icon\"">◌</div>\n <div>\n <h4>Life-insurance odds / numbers table</h4>\n <p><strong>Ý chính:</strong> Minh họa số liệu và xác suất.</p>\n <p class=\""muted\""><strong>Ghi chú:</strong> Tỷ lệ phí và quyền lợi bảo hiểm thực tế phụ thuộc vào độ tuổi, giới tính và gói bảo hiểm.</p>\n </div>\n </div>"", ""<div class=\""limited-visual\"">\n <div class=\""limited-icon\"">Σ</div>\n <div>\n <h4>Second-income worksheet</h4>\n <div class=\""flow mt-2\"">\n <div class=\""flow-node\""><strong>Earnings</strong><span>chiều phân tích trong bảng thực hành</span></div>\n <div class=\""flow-node\""><strong>Expenses</strong><span>chiều phân tích trong bảng thực hành</span></div>\n <div class=\""flow-node\""><strong>Net value</strong><span>bảng thực hành nhãn kết quả</span></div>\n </div>\n <p class=\""muted mt-2\"">Bảng thực hành chưa có chi tiết từng khoản và số liệu để tính.</p>\n </div>\n </div>"", ""<div class=\""limited-visual\"">\n <div class=\""limited-icon\"">⇢</div>\n <div>\n <h4>“Buy Term Insurance and Invest the Rest”</h4>\n <div class=\""flow mt-2\"">\n <div class=\""flow-node\""><strong>Premium difference</strong><span>Bảng dữ liệu concept</span></div>\n <div class=\""flow-node\""><strong>Invested</strong><span>Bảng dữ liệu relationship</span></div>\n <div class=\""flow-node\""><strong>Estate buildup</strong><span>nhãn kết quả</span></div>\n </div>\n <p class=\""muted mt-2\"">Bảng chưa có giá trị cụ thể.</p>\n </div>\n </div>"", ""<h4>Hierarchy of Financial Needs</h4>"", ""<h4>Earlier contributions compound longer</h4>"", ""<h4>Nature of cash-value life insurance</h4>"", ""<h4>Life-cycle graph</h4>""]","[""<details class=\""edu-incomplete\""><summary>Starting age / $1 million by age 68 — chưa đủ dữ liệu để thực hành</summary><p>Phần này chưa có đủ dữ liệu để lập bảng hoặc đọc số liệu định lượng.</p><div class=\""limited-visual\"">\n \n <div>\n <h4>Starting age / $1 million by age 68</h4>\n <p><strong>Ý chính:</strong> Quan hệ minh họa: bắt đầu ở các độ tuổi khác nhau và mức lãi suất khác nhau làm thay đổi khoản đóng góp cần thiết để đạt $1 million ở tuổi 68.</p>\n <p class=\""muted\""><strong>Giới hạn dữ liệu:</strong> Bảng chưa có số liệu cụ thể về tuổi và khoản đóng góp.</p>\n </div>\n </div></details>"", ""<details class=\""edu-incomplete\""><summary>Decision Making Worksheet — chưa đủ dữ liệu để thực hành</summary><p>Phần này chưa có đủ dữ liệu để lập bảng hoặc đọc số liệu định lượng.</p><div class=\""limited-visual\"">\n \n <div>\n <h4>Decision Making Worksheet</h4>\n <p><strong>Ý chính:</strong> Work-style reflection, values, professional interests và benefits/costs là các trường thông tin tiêu chuẩn để định hướng nghề nghiệp.</p>\n <p class=\""muted\""><strong>Giới hạn dữ liệu:</strong> Bảng chưa có đầy đủ tiêu chí và thang điểm để tự chấm.</p>\n </div>\n </div></details>"", ""<details class=\""edu-incomplete\""><summary>Bancassurance product table — chưa đủ dữ liệu để thực hành</summary><p>Phần này chưa có đủ dữ liệu để lập bảng hoặc đọc số liệu định lượng.</p><div class=\""limited-visual\"">\n \n <div>\n <h4>Bancassurance product table</h4>\n <p><strong>Ý chính:</strong> Bảng phân biệt life và non-life bancassurance products, đồng thời minh họa quan hệ bank ↔ insurer.</p>\n <p class=\""muted\""><strong>Giới hạn dữ liệu:</strong> Phần này chưa có danh sách sản phẩm life/non-life để đối chiếu.</p>\n </div>\n </div></details>"", ""<details class=\""edu-incomplete\""><summary>Personal Property Checklist — Living Room — chưa đủ dữ liệu để thực hành</summary><p>Phần này chưa có đủ dữ liệu để lập bảng hoặc đọc số liệu định lượng.</p><div class=\""limited-visual\"">\n \n <div>\n <h4>Personal Property Checklist — Living Room</h4>\n <p><strong>Ý chính:</strong> Sơ đồ uses columns for purchase price, actual cash value and replacement cost.</p>\n <p class=\""muted\""><strong>Giới hạn dữ liệu:</strong> Chưa có chi tiết từng tài sản và giá trị để lập bảng kiểm kê định lượng.</p>\n </div>\n </div></details>"", ""<details class=\""edu-incomplete\""><summary>Basic supplemental group health insurance plans table — chưa đủ dữ liệu để thực hành</summary><p>Phần này chưa có đủ dữ liệu để lập bảng hoặc đọc số liệu định lượng.</p><div class=\""limited-visual\"">\n \n <div>\n <h4>Basic supplemental group health insurance plans table</h4>\n <p><strong>Ý chính:</strong> Đối chiếu tiêu đề với nhóm tương ứng.</p>\n <p class=\""muted\""><strong>Giới hạn dữ liệu:</strong> Chưa đủ chi tiết từng phương án bảo hiểm để so sánh quyền lợi và chi phí.</p>\n </div>\n </div></details>"", ""<details class=\""edu-incomplete\""><summary>$100,000 policy annual-premiums table — chưa đủ dữ liệu để thực hành</summary><p>Phần này chưa có đủ dữ liệu để lập bảng hoặc đọc số liệu định lượng.</p><div class=\""limited-visual\"">\n \n <div>\n <h4>$100,000 policy annual-premiums table</h4>\n <p><strong>Ý chính:</strong> So sánh phí thường niên giữa các loại bảo hiểm nhân thọ.</p>\n <p class=\""muted\""><strong>Giới hạn dữ liệu:</strong> Chưa có chi tiết hợp đồng và mức phí để so sánh định lượng.</p>\n </div>\n </div></details>"", ""<details class=\""edu-incomplete\""><summary>Life-insurance odds / numbers table — chưa đủ dữ liệu để thực hành</summary><p>Phần này chưa có đủ dữ liệu để lập bảng hoặc đọc số liệu định lượng.</p><div class=\""limited-visual\"">\n \n <div>\n <h4>Life-insurance odds / numbers table</h4>\n <p><strong>Ý chính:</strong> Minh họa số liệu và xác suất.</p>\n <p class=\""muted\""><strong>Ghi chú:</strong> Tỷ lệ phí và quyền lợi bảo hiểm thực tế phụ thuộc vào độ tuổi, giới tính và gói bảo hiểm.</p>\n </div>\n </div></details>"", ""<details class=\""edu-incomplete\""><summary>Second-income worksheet — chưa đủ dữ liệu để thực hành</summary><p>Phần này chưa có đủ dữ liệu để lập bảng hoặc đọc số liệu định lượng.</p><div class=\""limited-visual\"">\n \n <div>\n <h4>Second-income worksheet</h4>\n <div class=\""flow mt-2\"">\n <div class=\""flow-node\""><strong>Earnings</strong><span>chiều phân tích trong bảng thực hành</span></div>\n <div class=\""flow-node\""><strong>Expenses</strong><span>chiều phân tích trong bảng thực hành</span></div>\n <div class=\""flow-node\""><strong>Net value</strong><span>bảng thực hành nhãn kết quả</span></div>\n </div>\n <p class=\""muted mt-2\"">Bảng thực hành chưa có chi tiết từng khoản và số liệu để tính.</p>\n </div>\n </div></details>"", ""<details class=\""edu-incomplete\""><summary>“Buy Term Insurance and Invest the Rest” — chưa đủ dữ liệu để thực hành</summary><p>Phần này chưa có đủ dữ liệu để lập bảng hoặc đọc số liệu định lượng.</p><div class=\""limited-visual\"">\n \n <div>\n <h4>“Buy Term Insurance and Invest the Rest”</h4>\n <div class=\""flow mt-2\"">\n <div class=\""flow-node\""><strong>Premium difference</strong><span>Bảng dữ liệu concept</span></div>\n <div class=\""flow-node\""><strong>Invested</strong><span>Bảng dữ liệu relationship</span></div>\n <div class=\""flow-node\""><strong>Estate buildup</strong><span>nhãn kết quả</span></div>\n </div>\n <p class=\""muted mt-2\"">Bảng chưa có giá trị cụ thể.</p>\n </div>\n </div></details>"", ""<h4>Hierarchy of Financial Needs</h4><p class=\""helper\"">Minh họa định tính; chưa dùng để đọc giá trị định lượng.</p>"", ""<h4>Earlier contributions compound longer</h4><p class=\""helper\"">Minh họa định tính; chưa dùng để đọc giá trị định lượng.</p>"", ""<h4>Nature of cash-value life insurance</h4><p class=\""helper\"">Minh họa định tính; chưa dùng để đọc giá trị định lượng.</p>"", ""<h4>Life-cycle graph</h4><p class=\""helper\"">Minh họa định tính; chưa dùng để đọc giá trị định lượng.</p>""]","[1, 1, 1, 1, 1, 1, 1, 1, 1, 1, 1, 1, 1]","implementation/edit-journal.json zero-based indices [133, 134, 135, 136, 137, 138, 139, 140, 141, 142, 143, 144, 145]",evidence/after/logs/current-base-self-test.log; implementation/edit-journal.json,Exact copy only; adjacent data/model/uncertainty retained.
CP043,6. TAI_CHINH_CA_NHAN.html,baseline/learner-copy-review.txt:65,- U cần giữ: ngưỡng “Less than 2.5...” chưa gắn chắc một tỷ số; IRR chưa đủ điều kiện/công cụ; claims Step 2/3 chưa xác định; câu hỏi Michelle/Jason chưa có lời giải. Không “làm sạch copy” bằng cách khẳng định một đáp án.,PRESERVE_QUALIFIER,PRESERVED_VERIFIED,,Exact source context retained in journal; existing chapter IDs/order unchanged.,[],[],[],implementation/edit-journal.json zero-based indices [],evidence/after/logs/current-base-self-test.log; implementation/edit-journal.json,Protected qualifier/function retained by whole-file current-base guard; no invented facts or answers.
CP044,7. LUAT_THUONG_MAI_QUOC_TE.html,baseline/learner-copy-review.txt:68,"- D/O, Ch3 / Enterprise A–VAT: “Enterprise A / VAT — organizer, không auto-kết luận” → “Tự phân tích tình huống Enterprise A về VAT”; prompt “Provisional nội dung giới hạn conclusion?” → “Kết luận sơ bộ và căn cứ?”. Giữ nguyên các câu hỏi phân tích, thuế suất và lời nhắc chưa có kết luận mẫu.",CONTEXT_REVIEW_EXACT_COPY,EDITED_VERIFIED,LUAT_THUONG_MAI_QUOC_TE.html,Exact source context retained in journal; existing chapter IDs/order unchanged.,"[""Enterprise A / VAT — organizer, không auto-kết luận"", ""Provisional nội dung giới hạn conclusion?""]","[""Tự phân tích tình huống Enterprise A về VAT"", ""Kết luận sơ bộ và căn cứ?""]","[1, 1]","implementation/edit-journal.json zero-based indices [91, 92]",evidence/after/logs/current-base-self-test.log; implementation/edit-journal.json,Exact copy only; adjacent data/model/uncertainty retained.
CP045,7. LUAT_THUONG_MAI_QUOC_TE.html,baseline/learner-copy-review.txt:69,"- D/U, Ch4 / Exemptions, application principles, licensing: “with unresolved article reference” → “Chưa xác định số điều khoản trong tài liệu đang dùng.”; “Số điều khoản cần được làm rõ” → “Chưa xác định số điều khoản.” Giữ caveat sát đoạn liên quan; không tra rồi chèn số điều trong pass trình bày.",CONTEXT_REVIEW_EXACT_COPY,EDITED_VERIFIED,LUAT_THUONG_MAI_QUOC_TE.html,Exact source context retained in journal; existing chapter IDs/order unchanged.,"[""with unresolved article reference"", ""Số điều khoản cần được làm rõ""]","[""Chưa xác định số điều khoản trong tài liệu đang dùng."", ""Chưa xác định số điều khoản.""]","[1, 1]","implementation/edit-journal.json zero-based indices [93, 94]",evidence/after/logs/current-base-self-test.log; implementation/edit-journal.json,Exact copy only; adjacent data/model/uncertainty retained.
CP046,7. LUAT_THUONG_MAI_QUOC_TE.html,baseline/learner-copy-review.txt:70,"- O, “Exact tax data”, “Tariff quota — exact example”, “Exact institution figures” → “Dữ liệu thuế trong ví dụ”, “Ví dụ hạn ngạch thuế quan”, “Cơ cấu và nhiệm kỳ trong mô hình được học”. Không sửa số, năm, thuế suất, điều khoản hay tình trạng cơ quan từ audit copy.",CONTEXT_REVIEW_EXACT_COPY,EDITED_VERIFIED,LUAT_THUONG_MAI_QUOC_TE.html,Exact source context retained in journal; existing chapter IDs/order unchanged.,"[""Exact tax data"", ""Tariff quota — exact example"", ""Exact institution figures""]","[""Dữ liệu thuế trong ví dụ"", ""Ví dụ hạn ngạch thuế quan"", ""Cơ cấu và nhiệm kỳ trong mô hình được học""]","[1, 1, 1]","implementation/edit-journal.json zero-based indices [95, 96, 97]",evidence/after/logs/current-base-self-test.log; implementation/edit-journal.json,Exact copy only; adjacent data/model/uncertainty retained.
CP047,7. LUAT_THUONG_MAI_QUOC_TE.html,baseline/learner-copy-review.txt:71,"- U cần giữ: ví dụ chưa có lời giải, kết luận vụ việc theo phạm vi bài học, thuế suất có thể không hiện hành. Tên án lệ và legal English là nội dung học thuật, không xóa.",PRESERVE_QUALIFIER,PRESERVED_VERIFIED,,Exact source context retained in journal; existing chapter IDs/order unchanged.,[],[],[],implementation/edit-journal.json zero-based indices [],evidence/after/logs/current-base-self-test.log; implementation/edit-journal.json,Protected qualifier/function retained by whole-file current-base guard; no invented facts or answers.
CP048,8. NGUYEN_LY_THI_TRUONG_TAI_CHINH.html,baseline/learner-copy-review.txt:74,"- D/O, Ch4: “Exact direction table” → “Bảng chiều tác động tới cầu tài sản”.",CONTEXT_REVIEW_EXACT_COPY,EDITED_VERIFIED,NGUYEN_LY_THI_TRUONG_TAI_CHINH.html,Exact source context retained in journal; existing chapter IDs/order unchanged.,"[""Exact direction table""]","[""Bảng chiều tác động tới cầu tài sản""]",[1],implementation/edit-journal.json zero-based indices [99],evidence/after/logs/current-base-self-test.log; implementation/edit-journal.json,Exact copy only; adjacent data/model/uncertainty retained.
CP049,8. NGUYEN_LY_THI_TRUONG_TAI_CHINH.html,baseline/learner-copy-review.txt:75,"- D/O, Theory Review: “Use exact 8-dimension table in Ch.2.” → “Xem bảng so sánh tám tiêu chí ở Chương 2.” Giữ đúng bảng hiện có.",CONTEXT_REVIEW_EXACT_COPY,EDITED_VERIFIED,NGUYEN_LY_THI_TRUONG_TAI_CHINH.html,Exact source context retained in journal; existing chapter IDs/order unchanged.,"[""Use exact 8-dimension table in Ch.2.""]","[""Xem bảng so sánh tám tiêu chí ở Chương 2.""]",[1],implementation/edit-journal.json zero-based indices [100],evidence/after/logs/current-base-self-test.log; implementation/edit-journal.json,Exact copy only; adjacent data/model/uncertainty retained.
CP050,8. NGUYEN_LY_THI_TRUONG_TAI_CHINH.html,baseline/learner-copy-review.txt:76,"- O/U, Ch5: “Bảng dịch chuyển cầu — một số ô chưa đủ dữ kiện” và “Bảng dịch chuyển cung — một số ô chưa đủ dữ kiện” đang có cột yếu tố nhưng cột change/shift trống. Giữ nhãn giới hạn; có thể đóng bảng vào details “Các yếu tố được nêu trong bài” và đánh dấu ô trống “Chưa có dữ kiện”. Không dùng chúng làm quiz có chấm hay tự điền chiều mũi tên. Ch6 bảng yếu tố dài hạn cũng cần giữ sự bất định.",CONTEXT_REVIEW_EXACT_COPY,EDITED_VERIFIED,NGUYEN_LY_THI_TRUONG_TAI_CHINH.html,Exact source context retained in journal; existing chapter IDs/order unchanged.,"[""<table><caption></caption><thead><tr><th scope=\""col\"">Factors</th><th scope=\""col\"">Change of factors</th><th scope=\""col\"">Shift in demand curve</th></tr></thead><tbody><tr><td>Wealth</td><td></td><td></td></tr><tr><td>Expected market rate</td><td></td><td></td></tr><tr><td>Expected inflation rate</td><td></td><td></td></tr><tr><td>Relative risk</td><td></td><td></td></tr><tr><td>Relative liquidity</td><td></td><td></td></tr></tbody></table>"", ""<table><caption></caption><thead><tr><th scope=\""col\"">Factors</th><th scope=\""col\"">Change of factors</th><th scope=\""col\"">Shift in supply curve</th></tr></thead><tbody><tr><td>Investment profitability</td><td></td><td></td></tr><tr><td>Expected inflation rate</td><td></td><td></td></tr><tr><td>Budget deficit</td><td></td><td></td></tr></tbody></table>""]","[""<table><caption></caption><thead><tr><th scope=\""col\"">Factors</th><th scope=\""col\"">Change of factors</th><th scope=\""col\"">Shift in demand curve</th></tr></thead><tbody><tr><td>Wealth</td><td><span class=\""helper\"">Chưa có dữ kiện</span></td><td><span class=\""helper\"">Chưa có dữ kiện</span></td></tr><tr><td>Expected market rate</td><td><span class=\""helper\"">Chưa có dữ kiện</span></td><td><span class=\""helper\"">Chưa có dữ kiện</span></td></tr><tr><td>Expected inflation rate</td><td><span class=\""helper\"">Chưa có dữ kiện</span></td><td><span class=\""helper\"">Chưa có dữ kiện</span></td></tr><tr><td>Relative risk</td><td><span class=\""helper\"">Chưa có dữ kiện</span></td><td><span class=\""helper\"">Chưa có dữ kiện</span></td></tr><tr><td>Relative liquidity</td><td><span class=\""helper\"">Chưa có dữ kiện</span></td><td><span class=\""helper\"">Chưa có dữ kiện</span></td></tr></tbody></table>"", ""<table><caption></caption><thead><tr><th scope=\""col\"">Factors</th><th scope=\""col\"">Change of factors</th><th scope=\""col\"">Shift in supply curve</th></tr></thead><tbody><tr><td>Investment profitability</td><td><span class=\""helper\"">Chưa có dữ kiện</span></td><td><span class=\""helper\"">Chưa có dữ kiện</span></td></tr><tr><td>Expected inflation rate</td><td><span class=\""helper\"">Chưa có dữ kiện</span></td><td><span class=\""helper\"">Chưa có dữ kiện</span></td></tr><tr><td>Budget deficit</td><td><span class=\""helper\"">Chưa có dữ kiện</span></td><td><span class=\""helper\"">Chưa có dữ kiện</span></td></tr></tbody></table>""]","[1, 1]","implementation/edit-journal.json zero-based indices [146, 147]",evidence/after/logs/current-base-self-test.log; implementation/edit-journal.json,Exact copy only; adjacent data/model/uncertainty retained.
CP051,8. NGUYEN_LY_THI_TRUONG_TAI_CHINH.html,baseline/learner-copy-review.txt:77,"- D/O, Ch1: “mục tiêu được ghi là: ‘Maximing shareholder value’” có lỗi đánh máy và giọng chép nguồn. Có thể sửa spelling “Maximizing shareholder value” nhưng chỉ sau khi kiểm tra nguyên văn/guard; không mở rộng thành chuẩn mực tài chính mới.",CONTEXT_REVIEW_EXACT_COPY,EDITED_VERIFIED,NGUYEN_LY_THI_TRUONG_TAI_CHINH.html,Exact source context retained in journal; existing chapter IDs/order unchanged.,"[""mục tiêu được ghi là: “Maximing shareholder value”""]","[""mục tiêu: “Maximizing shareholder value”""]",[1],implementation/edit-journal.json zero-based indices [102],evidence/after/logs/current-base-self-test.log; implementation/edit-journal.json,Exact copy only; adjacent data/model/uncertainty retained. Baseline literal Maximing checked; spelling-only Maximizing; exact occurrence guard=1.
CP052,9. SANG_TAO_KHOI_NGHIEP.html,baseline/learner-copy-review.txt:80,"- D/O, Ch7: “FPT case — questions only” → “Tự thảo luận tình huống FPT”; “Câu hỏi set” → “Câu hỏi định hướng”. Giữ tính câu hỏi mở, không thêm đáp án.",CONTEXT_REVIEW_EXACT_COPY,EDITED_VERIFIED,SANG_TAO_KHOI_NGHIEP.html,Exact source context retained in journal; existing chapter IDs/order unchanged.,"[""FPT case — questions only"", ""Câu hỏi set""]","[""Tự thảo luận tình huống FPT"", ""Câu hỏi định hướng""]","[1, 1]","implementation/edit-journal.json zero-based indices [103, 104]",evidence/after/logs/current-base-self-test.log; implementation/edit-journal.json,Exact copy only; adjacent data/model/uncertainty retained.
CP053,9. SANG_TAO_KHOI_NGHIEP.html,baseline/learner-copy-review.txt:81,"- O, Ch7: “Case 2 / 3 BMC Workspace” → “Thực hành BMC cho hai tình huống”; “27 Framework Library” → “27 khung kiến thức để ôn tập”. Không xóa con số/mô hình.",CONTEXT_REVIEW_EXACT_COPY,EDITED_VERIFIED,SANG_TAO_KHOI_NGHIEP.html,Exact source context retained in journal; existing chapter IDs/order unchanged.,"[""Case 2 / 3 BMC Workspace"", ""27 Framework Library""]","[""Thực hành BMC cho hai tình huống"", ""27 khung kiến thức để ôn tập""]","[1, 1]","implementation/edit-journal.json zero-based indices [105, 106]",evidence/after/logs/current-base-self-test.log; implementation/edit-journal.json,Exact copy only; adjacent data/model/uncertainty retained.
CP054,9. SANG_TAO_KHOI_NGHIEP.html,baseline/learner-copy-review.txt:82,"- O, giải thích rời rạc “Visual dùng nhãn ... prose của course dùng ...”, “The diagram ...”, “Ch.7 visual ...” → dùng “Trong sơ đồ...” / “Trong phần giải thích...” / “Sơ đồ Chương 7...”. Đây là hai cách diễn đạt hoặc mô hình khác nhau, cần giữ sự phân biệt, không gộp 4 và 5 bước sáng tạo hay BMC 9 blocks với Barringer/Ireland 4 sections.",CONTEXT_REVIEW_EXACT_COPY,EDITED_VERIFIED,SANG_TAO_KHOI_NGHIEP.html,Exact source context retained in journal; existing chapter IDs/order unchanged.,"[""Visual dùng nhãn Motivation / Creative Thinking Skills; prose của course dùng Task motivation / Creative thinking."", ""Không trộn visual này với 4 opportunity characteristics của Ch.6."", ""The diagram links four broad inputs to the""]","[""Trong sơ đồ, hai thành phần được ghi là Motivation và Creative Thinking Skills; phần giải thích dùng tên Task motivation và Creative thinking."", ""Đây là bốn đặc điểm được trình bày ở Chương 7; hãy đối chiếu với mô hình đặc điểm cơ hội ở Chương 6."", ""Sơ đồ liên kết bốn nhóm yếu tố với""]","[1, 1, 1]","implementation/edit-journal.json zero-based indices [107, 109, 112]",evidence/after/logs/current-base-self-test.log; implementation/edit-journal.json,Exact copy only; adjacent data/model/uncertainty retained.
CP055,9. SANG_TAO_KHOI_NGHIEP.html,baseline/learner-copy-review.txt:83,"- U cần giữ: Myth/Facts chỉ là tình huống thảo luận, không phải hồ sơ tiểu sử đã kiểm chứng; bài FPT, interview, BMC mở không có đáp án mẫu. Phần học Lean có MVP/test/review là nội dung môn học thật, không phải scaffolding kỹ thuật.",PRESERVE_QUALIFIER,PRESERVED_VERIFIED,,Exact source context retained in journal; existing chapter IDs/order unchanged.,[],[],[],implementation/edit-journal.json zero-based indices [],evidence/after/logs/current-base-self-test.log; implementation/edit-journal.json,Protected qualifier/function retained by whole-file current-base guard; no invented facts or answers.
CP056,10. PHAT_TRIEN_BEN_VUNG.html,baseline/learner-copy-review.txt:86,"- D/O, Review: “Cardinality checklist” → “Số lượng và nhóm kiến thức cần nhớ”. Giữ các nhóm 5/4/8, 5 goals, 3 pillars, 5 principles...; không gộp chúng.",CONTEXT_REVIEW_EXACT_COPY,EDITED_VERIFIED,PHAT_TRIEN_BEN_VUNG.html,Exact source context retained in journal; existing chapter IDs/order unchanged.,"[""Cardinality checklist""]","[""Số lượng và nhóm kiến thức cần nhớ""]",[1],implementation/edit-journal.json zero-based indices [113],evidence/after/logs/current-base-self-test.log; implementation/edit-journal.json,Exact copy only; adjacent data/model/uncertainty retained.
CP057,10. PHAT_TRIEN_BEN_VUNG.html,baseline/learner-copy-review.txt:87,"- O, Ch5 flashcard: “Ghi nhớ Cấu trúc review 3 phần của implementation.” → “Ghi nhớ ba phần: thành tựu, hạn chế và giải pháp trong thực hiện SDGs tại Việt Nam.” Đây là nhãn ba phần đang có ngay trong chương.",CONTEXT_REVIEW_EXACT_COPY,EDITED_VERIFIED,PHAT_TRIEN_BEN_VUNG.html,Exact source context retained in journal; existing chapter IDs/order unchanged.,"[""Cấu trúc review 3 phần của implementation.""]","[""Ba phần: thành tựu, hạn chế và giải pháp trong thực hiện SDGs tại Việt Nam.""]",[1],implementation/edit-journal.json zero-based indices [127],evidence/after/logs/current-base-self-test.log; implementation/edit-journal.json,Exact copy only; adjacent data/model/uncertainty retained.
CP058,10. PHAT_TRIEN_BEN_VUNG.html,baseline/learner-copy-review.txt:88,"- O, “State vs IFI — descriptive only” → “So sánh vai trò Nhà nước và các tổ chức tài chính quốc tế”; “17-goal visual” → “Sơ đồ 17 mục tiêu”. Giữ mô tả thay vì biến thành xếp hạng định lượng.",CONTEXT_REVIEW_EXACT_COPY,EDITED_VERIFIED,PHAT_TRIEN_BEN_VUNG.html,Exact source context retained in journal; existing chapter IDs/order unchanged.,"[""State vs IFI — descriptive only"", ""17-goal visual""]","[""So sánh vai trò Nhà nước và các tổ chức tài chính quốc tế"", ""Sơ đồ 17 mục tiêu""]","[1, 1]","implementation/edit-journal.json zero-based indices [114, 115]",evidence/after/logs/current-base-self-test.log; implementation/edit-journal.json,Exact copy only; adjacent data/model/uncertainty retained.
CP059,10. PHAT_TRIEN_BEN_VUNG.html,baseline/learner-copy-review.txt:89,"- U cần giữ: giao thông xanh là ví dụ không đại diện toàn bộ chương trình, phát triển bền vững không đi theo một chuỗi Crisis→Conflict→Compromise tuyến tính. Không coi “chưa bền vững”, “nguồn lực” hay “coverage >92%” trong nội dung là placeholder; đó là nhận định/số liệu học thuật chưa được audit tính đúng.",PRESERVE_QUALIFIER,PRESERVED_VERIFIED,,Exact source context retained in journal; existing chapter IDs/order unchanged.,[],[],[],implementation/edit-journal.json zero-based indices [],evidence/after/logs/current-base-self-test.log; implementation/edit-journal.json,Protected qualifier/function retained by whole-file current-base guard; no invented facts or answers.
CP060,11. NhapMonLuatHoc.html và 12. KinhTeChinhTriMacLeNin.html,baseline/learner-copy-review.txt:92,"Không thấy lộ reconstruction/manifest/verified/source-file metadata trong thân chương như các trang trên. Có “PREMIUM”/đăng nhập và tên thuật ngữ song ngữ: đó là chức năng/thuật ngữ, không xóa như scaffolding. Có thể thống nhất nhãn ôn tập và dấu câu ở pass biên tập, nhưng không cập nhật luật, đổi phân loại hay xác nhận tính đúng của các câu khái quát.",PRESERVE_QUALIFIER,PRESERVED_VERIFIED,,Exact source context retained in journal; existing chapter IDs/order unchanged.,[],[],[],implementation/edit-journal.json zero-based indices [],evidence/after/logs/current-base-self-test.log; implementation/edit-journal.json,Protected qualifier/function retained by whole-file current-base guard; no invented facts or answers.
CP061,TỔ CHỨC TOÀN 12 MÔN,baseline/learner-copy-review.txt:95,"Dùng một cấu trúc nhãn dễ đọc trên những khối sẵn có: “Mục tiêu chương”, “Khái niệm”, “Ví dụ và sơ đồ”, “Tự luyện”, “Ôn nhanh”, “Lưu ý khi dùng dữ liệu”. Không buộc mọi môn thành cùng số block; không thay thứ tự lý luận. Các nhãn See/Understand/Try/Recall/Map/Compact deck và tên công cụ nên có bản tiếng Việt nhất quán. Tách nội dung có số liệu/công thức khỏi hướng dẫn thao tác và giới hạn nguồn để người học thấy rõ họ đang đọc gì. Điều này khác với dịch/xóa mọi đoạn tiếng Anh.",CONTEXT_REVIEW_EXACT_COPY,EDITED_VERIFIED,PHAT_TRIEN_BEN_VUNG.html | TAM_LY_UNG_DUNG.html,Exact source context retained in journal; existing chapter IDs/order unchanged.,"[""<div class=\""section-kicker\"">Recall</div>"", ""<div class=\""learn-kicker\"">Understand</div>"", ""<div class=\""learn-kicker\"">See</div>"", ""<div class=\""learn-kicker\"">Compare</div>"", ""<div class=\""learn-kicker\"">Apply</div>"", ""<div class=\""learn-kicker\"">Recall</div>"", ""<div class=\""learn-kicker\"">Understand + Apply</div>"", ""<div class=\""learn-kicker\"">See + Apply</div>"", ""<div class=\""learn-kicker\"">Map</div>""]","[""<div class=\""section-kicker\"">Ôn nhanh</div>"", ""<div class=\""learn-kicker\"">Khái niệm</div>"", ""<div class=\""learn-kicker\"">Ví dụ và sơ đồ</div>"", ""<div class=\""learn-kicker\"">So sánh</div>"", ""<div class=\""learn-kicker\"">Tự luyện</div>"", ""<div class=\""learn-kicker\"">Ôn nhanh</div>"", ""<div class=\""learn-kicker\"">Khái niệm và tự luyện</div>"", ""<div class=\""learn-kicker\"">Ví dụ và tự luyện</div>"", ""<div class=\""learn-kicker\"">Sơ đồ ôn tập</div>""]","[5, 12, 8, 4, 6, 7, 1, 3, 1]","implementation/edit-journal.json zero-based indices [150, 151, 152, 153, 154, 155, 156, 157, 158]",evidence/after/logs/current-base-self-test.log; implementation/edit-journal.json,Exact copy only; adjacent data/model/uncertainty retained.
CP062,HOMEPAGE,baseline/learner-copy-review.txt:99,"- /TCCN-LuyenDe: luyện theo chương, nhanh 20 câu, đề countdown/tự nộp, giải thích, ôn sai; homepage link đúng.",CONTEXT_REVIEW_EXACT_COPY,PRESERVED_VERIFIED,,Exact source context retained in journal; existing chapter IDs/order unchanged.,[],[],[],implementation/edit-journal.json zero-based indices [],evidence/after/logs/current-base-self-test.log; implementation/edit-journal.json,Protected qualifier/function retained by whole-file current-base guard; no invented facts or answers.
CP063,HOMEPAGE,baseline/learner-copy-review.txt:100,- /NguyenLyKeToan-LuyenDe: 6 bộ MCQ + 3 bài tự luận có lời giải bật/tắt; homepage link đúng. Không có ô nộp hay chấm tự luận tự động.,CONTEXT_REVIEW_EXACT_COPY,EDITED_VERIFIED,index.html,Exact source context retained in journal; existing chapter IDs/order unchanged.,"[""Luyện định khoản nợ/có, lập bảng CĐKT, báo cáo P&amp;L và tập hợp chi phí giá thành sản phẩm.""]","[""Trắc nghiệm theo chương và bài tự luận kế toán có lời giải để tự đối chiếu.""]",[1],implementation/edit-journal.json zero-based indices [117],evidence/after/logs/current-base-self-test.log; implementation/edit-journal.json,Exact copy only; adjacent data/model/uncertainty retained.
CP064,HOMEPAGE,baseline/learner-copy-review.txt:101,"- /NhapMonLuatHoc-LuyenDe: 3 bộ theo chương + quiz 20 câu, chấm và giải thích. index.html card “Trắc Nghiệm Luật Học” vẫn có aria-disabled=true / “Sắp ra mắt”. Đổi “Trắc nghiệm Nhập môn Luật học”, “Có bài luyện”, CTA “Vào luyện tập →” tới route này; đây là availability stale, không phải thiếu câu hỏi.",CONTEXT_REVIEW_EXACT_COPY,EDITED_VERIFIED,index.html,Exact source context retained in journal; existing chapter IDs/order unchanged.,"[""Trắc Nghiệm Luật Học"", ""Bộ đề thi thử phân tích cấu trúc quy phạm pháp luật, xác định loại lỗi vi phạm và hệ thống văn bản pháp luật."", ""<span class=\""text-sm font-bold text-stone-500\"" aria-disabled=\""true\"">Sắp ra mắt</span>""]","[""Trắc nghiệm Nhập môn Luật học"", ""Luyện thử 20 câu trắc nghiệm nền tảng, gồm 3 bộ theo chương và một đề tổng hợp; chấm điểm và xem giải thích."", ""<a href=\""/NhapMonLuatHoc-LuyenDe\"" class=\""inline-flex items-center gap-1.5 text-sm font-bold text-blue-700 hover:underline\"">Vào luyện tập &rarr;</a>""]","[1, 1, 1]","implementation/edit-journal.json zero-based indices [118, 119, 120]",evidence/after/logs/current-base-self-test.log; implementation/edit-journal.json,Exact copy only; adjacent data/model/uncertainty retained.
CP065,HOMEPAGE,baseline/learner-copy-review.txt:102,- /KTQT-LuyenDe: 4 bộ theo chương + quiz 20 câu. /LTMQT-LuyenDe: 5 bộ + quiz 20 câu. /NLTTTC-LuyenDe: 6 bộ + quiz 20 câu. Chưa có card homepage; edu-study.js đã nối cả ba route và NMLH với lý thuyết qua “Luyện đề và tự kiểm tra →”. Có thể thêm ba card đúng dữ liệu hiện tại; không ghi đang phát triển.,CONTEXT_REVIEW_EXACT_COPY,EDITED_VERIFIED,index.html,Exact source context retained in journal; existing chapter IDs/order unchanged.,"[""    </div>\n</div>\n\n   <!-- Footer -->""]","[""<div class=\""bg-white border border-stone-200 rounded-2xl p-6 shadow-sm flex flex-col\"">\n<div class=\""text-2xl mb-4\"">🌐</div><h3 class=\""font-extrabold text-lg text-stone-800 mb-1\"">Kinh tế quốc tế</h3>\n<p class=\""text-sm text-stone-600 leading-relaxed mb-4\"">Luyện thử 20 câu trắc nghiệm riêng, gồm 4 bộ theo chương và một đề tổng hợp; có chấm điểm, giải thích và thời gian gợi ý.</p>\n<a href=\""/KTQT-LuyenDe\"" class=\""inline-flex items-center text-sm font-bold text-blue-700 hover:underline mt-auto\"">Vào luyện tập &rarr;</a></div>\n<div class=\""bg-white border border-stone-200 rounded-2xl p-6 shadow-sm flex flex-col\"">\n<div class=\""text-2xl mb-4\"">⚖️</div><h3 class=\""font-extrabold text-lg text-stone-800 mb-1\"">Luật thương mại quốc tế</h3>\n<p class=\""text-sm text-stone-600 leading-relaxed mb-4\"">Luyện thử 20 câu trắc nghiệm riêng, gồm 5 bộ theo chương và một đề tổng hợp; có chấm điểm, giải thích và thời gian gợi ý.</p>\n<a href=\""/LTMQT-LuyenDe\"" class=\""inline-flex items-center text-sm font-bold text-blue-700 hover:underline mt-auto\"">Vào luyện tập &rarr;</a></div>\n<div class=\""bg-white border border-stone-200 rounded-2xl p-6 shadow-sm flex flex-col\"">\n<div class=\""text-2xl mb-4\"">🏦</div><h3 class=\""font-extrabold text-lg text-stone-800 mb-1\"">Nguyên lý thị trường tài chính</h3>\n<p class=\""text-sm text-stone-600 leading-relaxed mb-4\"">Luyện thử 20 câu trắc nghiệm riêng, gồm 6 bộ theo chương và một đề tổng hợp; có chấm điểm, giải thích và thời gian gợi ý.</p>\n<a href=\""/NLTTTC-LuyenDe\"" class=\""inline-flex items-center text-sm font-bold text-blue-700 hover:underline mt-auto\"">Vào luyện tập &rarr;</a></div>\n    </div>\n</div>\n\n   <!-- Footer -->""]",[1],implementation/edit-journal.json zero-based indices [121],evidence/after/logs/current-base-self-test.log; implementation/edit-journal.json,Exact copy only; adjacent data/model/uncertainty retained.
CP066,HOMEPAGE,baseline/learner-copy-review.txt:103,"- Bốn trang KTQT/NMLH/LTMQT/NLTTTC chỉ có duration “Gợi ý”, chưa countdown. Dùng “Thời gian gợi ý”; không quảng bá thi có đồng hồ.",CONTEXT_REVIEW_EXACT_COPY,EDITED_VERIFIED,NhapMonLuatHoc-LuyenDe.html | KTQT-LuyenDe.html | LTMQT-LuyenDe.html | NLTTTC-LuyenDe.html,Exact source context retained in journal; existing chapter IDs/order unchanged.,"[""set.duration, 'Gợi ý',"", ""set.duration, 'Gợi ý',"", ""set.duration, 'Gợi ý',"", ""set.duration, 'Gợi ý',""]","[""set.duration, 'Thời gian gợi ý',"", ""set.duration, 'Thời gian gợi ý',"", ""set.duration, 'Thời gian gợi ý',"", ""set.duration, 'Thời gian gợi ý',""]","[1, 1, 1, 1]","implementation/edit-journal.json zero-based indices [35, 39, 43, 47]",evidence/after/logs/current-base-self-test.log; implementation/edit-journal.json,Exact copy only; adjacent data/model/uncertainty retained.
CP067,HOMEPAGE,baseline/learner-copy-review.txt:104,- index.html “Trung Tâm Luyện Đề Thực Chiến” → “Luyện tập theo môn”. Subtitle “Trắc nghiệm tự động chấm điểm & bài tập tự luận có giải” đúng mức tính năng.,CONTEXT_REVIEW_EXACT_COPY,EDITED_VERIFIED,index.html,Exact source context retained in journal; existing chapter IDs/order unchanged.,"[""Trung Tâm Luyện Đề Thực Chiến""]","[""Luyện tập theo môn""]",[1],implementation/edit-journal.json zero-based indices [116],evidence/after/logs/current-base-self-test.log; implementation/edit-journal.json,Exact copy only; adjacent data/model/uncertainty retained.
CP068,HOMEPAGE,baseline/learner-copy-review.txt:105,"- index.html mô tả NLKT “Luyện định khoản nợ/có, lập bảng CĐKT, báo cáo P&L và tập hợp chi phí giá thành sản phẩm.” → “Trắc nghiệm theo chương và bài tự luận kế toán có lời giải để tự đối chiếu.”",CONTEXT_REVIEW_EXACT_COPY,EDITED_VERIFIED,index.html,Exact source context retained in journal; existing chapter IDs/order unchanged.,"[""Luyện định khoản nợ/có, lập bảng CĐKT, báo cáo P&amp;L và tập hợp chi phí giá thành sản phẩm.""]","[""Trắc nghiệm theo chương và bài tự luận kế toán có lời giải để tự đối chiếu.""]",[1],implementation/edit-journal.json zero-based indices [117],evidence/after/logs/current-base-self-test.log; implementation/edit-journal.json,Exact copy only; adjacent data/model/uncertainty retained.
CP069,HOMEPAGE,baseline/learner-copy-review.txt:106,"- TCCN-LuyenDe.html overview “4 bộ luyện thi” nhưng renderExamGrid() tạo 5 card (3 đề nguồn, 1 vận dụng, Final Mix). Hiển thị count thực tế hoặc bỏ số cố định.",CONTEXT_REVIEW_EXACT_COPY,EDITED_VERIFIED,TCCN-LuyenDe.html,Exact source context retained in journal; existing chapter IDs/order unchanged.,"[""<div class=\""text-2xl font-black\"">4</div><div class=\""text-xs text-stone-300 font-bold\"">bộ luyện thi</div>""]","[""<div class=\""text-2xl font-black\"">5</div><div class=\""text-xs text-stone-300 font-bold\"">bộ luyện thi</div>""]",[1],implementation/edit-journal.json zero-based indices [128],evidence/after/logs/current-base-self-test.log; implementation/edit-journal.json,Exact copy only; adjacent data/model/uncertainty retained.
CP070,HOMEPAGE,baseline/learner-copy-review.txt:107,- Card “Luật Doanh Nghiệp” / “⏳ Sắp ra mắt...” chưa có route môn tương ứng: nhãn chờ ra mắt phù hợp. Empty state TCCN “Chưa có câu sai nào được lưu” khi chưa luyện cũng hợp lệ; không gắn đang phát triển.,CONTEXT_REVIEW_EXACT_COPY,PRESERVED_VERIFIED,,Exact source context retained in journal; existing chapter IDs/order unchanged.,[],[],[],implementation/edit-journal.json zero-based indices [],evidence/after/logs/current-base-self-test.log; implementation/edit-journal.json,Protected qualifier/function retained by whole-file current-base guard; no invented facts or answers.
CP071,MODERN bổ sung,baseline/modern-source-review.txt:42,"NLTTTC rendered-source paragraph: ""Use exact 8-dimension table in Ch.2."" Suggested: ""Đối chiếu theo tám tiêu chí trong bảng ở Chương 2.""",CONTEXT_REVIEW_EXACT_COPY,DUPLICATE_VERIFIED,NGUYEN_LY_THI_TRUONG_TAI_CHINH.html,Exact source context retained in journal; existing chapter IDs/order unchanged.,"[""Use exact 8-dimension table in Ch.2.""]","[""Xem bảng so sánh tám tiêu chí ở Chương 2.""]",[1],implementation/edit-journal.json zero-based indices [100],evidence/after/logs/current-base-self-test.log; implementation/edit-journal.json,Reviewed actual context. Duplicate suggestions use the same final wording. Related row CP049.
CP072,MODERN bổ sung,baseline/modern-source-review.txt:43,"NLTTTC h3 ""Exact direction table"" → ""Bảng chiều tác động""; ""Global compact deck"" → ""Thẻ ghi nhớ toàn môn"".",CONTEXT_REVIEW_EXACT_COPY,DUPLICATE_VERIFIED,NGUYEN_LY_THI_TRUONG_TAI_CHINH.html,Exact source context retained in journal; existing chapter IDs/order unchanged.,"[""Exact direction table"", ""Global compact deck""]","[""Bảng chiều tác động tới cầu tài sản"", ""Thẻ ghi nhớ toàn môn""]","[1, 1]","implementation/edit-journal.json zero-based indices [99, 101]",evidence/after/logs/current-base-self-test.log; implementation/edit-journal.json,Reviewed actual context. Duplicate suggestions use the same final wording. Related row CP048.
CP073,MODERN bổ sung,baseline/modern-source-review.txt:44,"STKN: ""Visual dùng nhãn Motivation / Creative Thinking Skills; prose của course dùng Task motivation / Creative thinking."" → ""Trong sơ đồ, hai thành phần được ghi là Motivation và Creative Thinking Skills; phần giải thích dùng tên Task motivation và Creative thinking."" Keep both sets of source labels.",CONTEXT_REVIEW_EXACT_COPY,DUPLICATE_VERIFIED,SANG_TAO_KHOI_NGHIEP.html,Exact source context retained in journal; existing chapter IDs/order unchanged.,"[""Visual dùng nhãn Motivation / Creative Thinking Skills; prose của course dùng Task motivation / Creative thinking.""]","[""Trong sơ đồ, hai thành phần được ghi là Motivation và Creative Thinking Skills; phần giải thích dùng tên Task motivation và Creative thinking.""]",[1],implementation/edit-journal.json zero-based indices [107],evidence/after/logs/current-base-self-test.log; implementation/edit-journal.json,Reviewed actual context. Duplicate suggestions use the same final wording. Related row CP054.
CP074,MODERN bổ sung,baseline/modern-source-review.txt:45,"STKN: ""Thứ tự1–6 phải được giữ nguyên vì đây là cấu trúc của mô hình."" → ""Ôn theo thứ tự sáu cấp độ để theo dõi cách mô hình phát triển từ nhớ kiến thức đến tạo ra cái mới."" Preserve all six labels and their order.",CONTEXT_REVIEW_EXACT_COPY,EDITED_VERIFIED,SANG_TAO_KHOI_NGHIEP.html,Exact source context retained in journal; existing chapter IDs/order unchanged.,"[""Thứ tự 1–6 phải được giữ nguyên vì đây là cấu trúc của mô hình.""]","[""Ôn theo thứ tự sáu cấp độ để theo dõi cách mô hình phát triển từ nhớ kiến thức đến tạo ra cái mới.""]",[1],implementation/edit-journal.json zero-based indices [108],evidence/after/logs/current-base-self-test.log; implementation/edit-journal.json,Exact copy only; adjacent data/model/uncertainty retained.
CP075,MODERN bổ sung,baseline/modern-source-review.txt:46,"STKN: ""Không trộn visual này với4opportunity characteristics của Ch.6."" → ""Đây là bốn đặc điểm được trình bày ở Chương7; hãy đối chiếu với mô hình đặc điểm cơ hội ở Chương6."" Preserve both chapter-specific formulations.",CONTEXT_REVIEW_EXACT_COPY,DUPLICATE_VERIFIED,SANG_TAO_KHOI_NGHIEP.html,Exact source context retained in journal; existing chapter IDs/order unchanged.,"[""Không trộn visual này với 4 opportunity characteristics của Ch.6.""]","[""Đây là bốn đặc điểm được trình bày ở Chương 7; hãy đối chiếu với mô hình đặc điểm cơ hội ở Chương 6.""]",[1],implementation/edit-journal.json zero-based indices [109],evidence/after/logs/current-base-self-test.log; implementation/edit-journal.json,Reviewed actual context. Duplicate suggestions use the same final wording. Related row CP054.
CP076,MODERN bổ sung,baseline/modern-source-review.txt:47,"STKN textarea placeholder ""Bằng chứng theo cách bạn đang xây draft"" → ""Ghi bằng chứng hỗ trợ lập luận của bạn""; ""Chọn một trong5source topics:..."" → ""Chọn một trong năm chủ đề:..."" with the same five topics. Placeholder changes do not alter grading.",CONTEXT_REVIEW_EXACT_COPY,EDITED_VERIFIED,SANG_TAO_KHOI_NGHIEP.html,Exact source context retained in journal; existing chapter IDs/order unchanged.,"[""Bằng chứng theo cách bạn đang xây draft"", ""Chọn một trong 5 source topics:""]","[""Ghi bằng chứng hỗ trợ lập luận của bạn"", ""Chọn một trong năm chủ đề:""]","[1, 1]","implementation/edit-journal.json zero-based indices [110, 111]",evidence/after/logs/current-base-self-test.log; implementation/edit-journal.json,Exact copy only; adjacent data/model/uncertainty retained.
CP077,MODERN bổ sung,baseline/modern-source-review.txt:48,"TLUD heading ""School visuals — bám sát nội dung bài recreation"" → ""Sơ đồ minh họa các trường phái tâm lý học"". ""Ambiguous recognition visual — unscored"" → ""Hình ảnh đa nghĩa — tự quan sát, không chấm điểm"".",CONTEXT_REVIEW_EXACT_COPY,DUPLICATE_VERIFIED,TAM_LY_UNG_DUNG.html,Exact source context retained in journal; existing chapter IDs/order unchanged.,"[""School visuals — bám sát nội dung bài recreation"", ""Ambiguous recognition visual — unscored""]","[""Sơ đồ minh họa các trường phái tâm lý học"", ""Hình ảnh đa nghĩa — tự quan sát, không chấm điểm""]","[1, 1]","implementation/edit-journal.json zero-based indices [73, 77]",evidence/after/logs/current-base-self-test.log; implementation/edit-journal.json,Reviewed actual context. Duplicate suggestions use the same final wording. Related row CP026.
CP078,MODERN bổ sung,baseline/modern-source-review.txt:49,"VHDD: ""Sáu detailed dimensions + low/high cues + exact country-score viewer."" → ""Khám phá sáu chiều văn hóa, dấu hiệu mức thấp/cao và điểm của các quốc gia."" ""2×2matrix + exact four-type summary."" → ""Ma trận2×2và bảng tóm tắt bốn loại văn hóa doanh nghiệp.""",CONTEXT_REVIEW_EXACT_COPY,DUPLICATE_VERIFIED,VAN_HOA_VA_DAO_DUC_TRONG_KINH_DOANH_QUOC_TE.html,Exact source context retained in journal; existing chapter IDs/order unchanged.,"[""Sáu detailed dimensions + low/high cues + exact country-score viewer."", ""2×2 matrix + exact four-type summary.""]","[""Khám phá sáu chiều văn hóa, đặc điểm ở hai mức thấp/cao và điểm số theo quốc gia."", ""Ma trận 2×2 và bảng tóm tắt bốn loại văn hóa tổ chức.""]","[1, 1]","implementation/edit-journal.json zero-based indices [69, 71]",evidence/after/logs/current-base-self-test.log; implementation/edit-journal.json,Reviewed actual context. Duplicate suggestions use the same final wording. Related row CP021.
CP079,MODERN bổ sung,baseline/modern-source-review.txt:50,"LTMQT: ""Comparison — chỉ dùng dimensions trong course"" → ""So sánh theo các tiêu chí trong học phần"". ""Pros listed — ‘CONS?’ remains unanswered"" → ""Ưu điểm và câu hỏi tự luyện về hạn chế"". Maintain explanation that the source does not supply a model answer to the limitations prompt. ""Enterprise A / VAT — organizer, không auto-kết luận"" → ""Tình huống Enterprise A/VAT — sắp xếp dữ kiện trước khi kết luận"".",CONTEXT_REVIEW_EXACT_COPY,DUPLICATE_VERIFIED,LUAT_THUONG_MAI_QUOC_TE.html,Exact source context retained in journal; existing chapter IDs/order unchanged.,"[""Enterprise A / VAT — organizer, không auto-kết luận"", ""Comparison — chỉ dùng dimensions trong course"", ""Pros listed — “CONS?” remains unanswered""]","[""Tự phân tích tình huống Enterprise A về VAT"", ""So sánh theo các tiêu chí trong học phần"", ""Ưu điểm và câu hỏi tự luyện về hạn chế""]","[1, 1, 1]","implementation/edit-journal.json zero-based indices [91, 98, 126]",evidence/after/logs/current-base-self-test.log; implementation/edit-journal.json,Reviewed actual context. Duplicate suggestions use the same final wording. Related row CP044.
