issue_id,priority,phase,routes,component,requirement,acceptance,status,owner,commit,before_evidence,after_evidence,tested_viewports,test_log,no_fix_rationale,notes
G01,P2,2,ALL_THEORY,Font nội dung từ heading Chương xuống,"Prose mục tiêu 16px, line-height 1.65–1.75, note khoảng 15px, nhãn phụ >=13px; dài tối đa khoảng 75–78ch. Scope đúng vùng đọc; kiểm computed style vì shared.css đứng trước local CSS.","Đủ 82 tab ở bốn viewport; dấu tiếng Việt đúng, đoạn dài dễ đọc, bảng/sơ đồ không bị tăng chữ hàng loạt.",IMPLEMENTED,Codex,codex/edu-connect-reading-polish (implementation commit recorded in COMPLETION-REPORT.txt),baseline/live-study-audit.json; evidence/before; evidence/baseline-local,evidence/after/render/results.json; evidence/after/targeted/results.json; evidence/after/accessibility/results.json; evidence/after/logs/runbook-results.json; implementation/edit-journal.json,"320x740,390x844,768x1024,1366x900; targeted breakpoint/zoom/modal results",evidence/after/logs/runbook-results.json,,Code implemented and automatic tests PASS; mandatory visual acceptance remains open where indicated by QA/render checklist.
G02,P2,2,ALL_THEORY,Heading chương và module,"Hero 28–34px; chương 24–28px desktop, 22–24px phone; module 20–22px. Đồng bộ .chapter-title/.section-title/.panel-title/.learn-title và h3 trong module/section-head. Cho phép tiêu đề dài wrap.","Heading cùng cấp đồng bộ; không cắt glyph, không chiếm quá nhiều màn hình phone; cấu trúc h1/h2/h3 hợp lý.",IMPLEMENTED,Codex,codex/edu-connect-reading-polish (implementation commit recorded in COMPLETION-REPORT.txt),baseline/live-study-audit.json; evidence/before; evidence/baseline-local,evidence/after/render/results.json; evidence/after/targeted/results.json; evidence/after/accessibility/results.json; evidence/after/logs/runbook-results.json; implementation/edit-journal.json,"320x740,390x844,768x1024,1366x900; targeted breakpoint/zoom/modal results",evidence/after/logs/runbook-results.json,,Code implemented and automatic tests PASS; mandatory visual acceptance remains open where indicated by QA/render checklist.
G03,P2,2,ALL_THEORY,Palette và tương phản,"Dùng palette ghi trong DESIGN-SPEC.txt, scope theo vai trò. Chữ thường tương phản >=4.5:1; giữ màu đúng/sai/cảnh báo, màu nhóm trong đồ thị.",Không còn chữ trắng trên surface trắng; trạng thái và nhóm kiến thức vẫn phân biệt được; có số đo tương phản đại diện.,IMPLEMENTED,Codex,codex/edu-connect-reading-polish (implementation commit recorded in COMPLETION-REPORT.txt),baseline/live-study-audit.json; evidence/before; evidence/baseline-local,evidence/after/render/results.json; evidence/after/targeted/results.json; evidence/after/accessibility/results.json; evidence/after/logs/runbook-results.json; implementation/edit-journal.json,"320x740,390x844,768x1024,1366x900; targeted breakpoint/zoom/modal results",evidence/after/logs/runbook-results.json,,Code implemented and automatic tests PASS; mandatory visual acceptance remains open where indicated by QA/render checklist.
G04,P2,2,ALL_THEORY,"Card, spacing và grid lồng","Padding 16–24px, gap 16–24px, radius 12–16px; height tự nhiên, min-width:0; phone một cột cho prose dài. Kiểm cả card lồng, không chỉ viewport.","Đủ chữ, không overlap/cắt; layout cao tự nhiên; không dùng overflow:hidden hoặc giảm font để che lỗi.",IMPLEMENTED,Codex,codex/edu-connect-reading-polish (implementation commit recorded in COMPLETION-REPORT.txt),baseline/live-study-audit.json; evidence/before; evidence/baseline-local,evidence/after/render/results.json; evidence/after/targeted/results.json; evidence/after/accessibility/results.json; evidence/after/logs/runbook-results.json; implementation/edit-journal.json,"320x740,390x844,768x1024,1366x900; targeted breakpoint/zoom/modal results",evidence/after/logs/runbook-results.json,,Code implemented and automatic tests PASS; mandatory visual acceptance remains open where indicated by QA/render checklist.
G05,P2,2,ALL_THEORY,"Thanh chọn chương, tab cuối","Desktop có cue và nút cuộn; phone picker hoặc strip dễ dùng. Giữ #nav-menu, chapter IDs, data-edu-tab, onTabChange và mọi tab; đồng bộ active/picker.","Chọn đầu/giữa/cuối, sau cuộn sâu, keyboard/touch; resize767/768; focus rõ; active nằm trong vùng nhìn; regression vẫn kiểm strip HOẶC picker hiện.",IMPLEMENTED,Codex,codex/edu-connect-reading-polish (implementation commit recorded in COMPLETION-REPORT.txt),baseline/live-study-audit.json; evidence/before; evidence/baseline-local,evidence/after/render/results.json; evidence/after/targeted/results.json; evidence/after/accessibility/results.json; evidence/after/logs/runbook-results.json; implementation/edit-journal.json,"320x740,390x844,768x1024,1366x900; targeted breakpoint/zoom/modal results",evidence/after/logs/runbook-results.json,,Code implemented and automatic tests PASS; mandatory visual acceptance remains open where indicated by QA/render checklist.
G06,P2,2,ALL_THEORY,Sticky header và offset,Tính offset từ phần header thực sự hiện; thêm khoảng cách đọc phù hợp; kiểm sau fonts/animation ổn định và tên account dài/online count4 chữ số bằng fixture.,Heading không nằm dưới header; anchor/TOC focus đúng; không bị header nhảy/chen tại320/390/767/768/1366.,IMPLEMENTED,Codex,codex/edu-connect-reading-polish (implementation commit recorded in COMPLETION-REPORT.txt),baseline/live-study-audit.json; evidence/before; evidence/baseline-local,evidence/after/render/results.json; evidence/after/targeted/results.json; evidence/after/accessibility/results.json; evidence/after/logs/runbook-results.json; implementation/edit-journal.json,"320x740,390x844,768x1024,1366x900; targeted breakpoint/zoom/modal results",evidence/after/logs/runbook-results.json,,Code implemented and automatic tests PASS; mandatory visual acceptance remains open where indicated by QA/render checklist.
G07,P2,3,ALL_THEORY,Mục lục trong chương dài,"Thêm details Trong chương này từ các heading hiện có; giữ thứ tự/IDs. Ưu tiên NLKT coa, KTTC ch1/review, TCCN ch4/5/6, KTQT, LTMQT ch1, NLTTTC ch2, VHDD ch2, STKN ch7.","Mỗi anchor đến đúng khối dưới sticky header; TOC thu gọn, keyboard được, không sinh ID trùng hoặc đổi thứ tự học.",IMPLEMENTED,Codex,codex/edu-connect-reading-polish (implementation commit recorded in COMPLETION-REPORT.txt),baseline/live-study-audit.json; evidence/before; evidence/baseline-local,evidence/after/render/results.json; evidence/after/targeted/results.json; evidence/after/accessibility/results.json; evidence/after/logs/runbook-results.json; implementation/edit-journal.json,"320x740,390x844,768x1024,1366x900; targeted breakpoint/zoom/modal results",evidence/after/logs/runbook-results.json,,Code implemented and automatic tests PASS; mandatory visual acceptance remains open where indicated by QA/render checklist.
G08,P2,3,ALL_THEORY,Bảng/sơ đồ cuộn có chủ đích,"Giữ wrapper cuộn ngang riêng, thêm cue nhìn thấy trên touch, caption/chú giải và header associations. Chỉ reflow khi không mất quan hệ cột/trục.",Document không cuộn ngang; wrapper có thể cuộn tới cột cuối; labels/đơn vị/legend nguyên; không ép dữ liệu thành font bé.,IMPLEMENTED,Codex,codex/edu-connect-reading-polish (implementation commit recorded in COMPLETION-REPORT.txt),baseline/live-study-audit.json; evidence/before; evidence/baseline-local,evidence/after/render/results.json; evidence/after/targeted/results.json; evidence/after/accessibility/results.json; evidence/after/logs/runbook-results.json; implementation/edit-journal.json,"320x740,390x844,768x1024,1366x900; targeted breakpoint/zoom/modal results",evidence/after/logs/runbook-results.json,,Code implemented and automatic tests PASS; mandatory visual acceptance remains open where indicated by QA/render checklist.
G09,P2,3,ALL_THEORY,Accessibility và tương tác học,"Control tối thiểu44x44px hoặc có vùng chạm tương đương; input16px; focus-visible, keyboard, aria, reduced-motion; preserve event và state.","Tab/Enter/Space và touch hoạt động; không phụ thuộc hover; zoom 200% không mất nội dung; feedback có chữ, không chỉ màu.",IMPLEMENTED,Codex,codex/edu-connect-reading-polish (implementation commit recorded in COMPLETION-REPORT.txt),baseline/live-study-audit.json; evidence/before; evidence/baseline-local,evidence/after/render/results.json; evidence/after/targeted/results.json; evidence/after/accessibility/results.json; evidence/after/logs/runbook-results.json; implementation/edit-journal.json,"320x740,390x844,768x1024,1366x900; targeted breakpoint/zoom/modal results",evidence/after/logs/runbook-results.json,,Code implemented and automatic tests PASS; mandatory visual acceptance remains open where indicated by QA/render checklist.
K01,P1,1,/KTCTMLN,Ch2/3 công thức tĩnh và output máy tính,"Dùng ×, →, sub/sup đúng ký hiệu; sửa từng output cụ thể. Giữ arithmetic, biến, dữ kiện và min/max/step/default. Ghi hunk output-format riêng trong allowlist.","Không còn TeX thô trong UI; Ch2 c1000/v200/m200=>1400, M=50x1000/5=>10000.00; cả calculator khác/ch3 so kết quả baseline ở nhiều bộ input hợp lệ.",IMPLEMENTED,Codex,codex/edu-connect-reading-polish (implementation commit recorded in COMPLETION-REPORT.txt),baseline/live-study-audit.json; evidence/before; evidence/baseline-local,evidence/after/render/results.json; evidence/after/targeted/results.json; evidence/after/accessibility/results.json; evidence/after/logs/runbook-results.json; implementation/edit-journal.json,"320x740,390x844,768x1024,1366x900; targeted breakpoint/zoom/modal results",evidence/after/logs/runbook-results.json,,Code implemented and automatic tests PASS; mandatory visual acceptance remains open where indicated by QA/render checklist.
K02,P2,3,/KTCTMLN,Ch2/3 input grid-cols-3,Collapse một cột hoặc layout rộng đủ label/value ở phone; output wrap; giữ constraints.,Nhập số dài và đọc label được320/390; không che submit/result; kết quả không đổi.,IMPLEMENTED,Codex,codex/edu-connect-reading-polish (implementation commit recorded in COMPLETION-REPORT.txt),baseline/live-study-audit.json; evidence/before; evidence/baseline-local,evidence/after/render/results.json; evidence/after/targeted/results.json; evidence/after/accessibility/results.json; evidence/after/logs/runbook-results.json; implementation/edit-journal.json,"320x740,390x844,768x1024,1366x900; targeted breakpoint/zoom/modal results",evidence/after/logs/runbook-results.json,,Code implemented and automatic tests PASS; mandatory visual acceptance remains open where indicated by QA/render checklist.
A01,P1_VERIFY,3,/NLKT,Flashcard fixed155px,"Cho hai mặt tham gia intrinsic sizing (grid overlap) nếu tái hiện hoặc tăng typography; giữ rotateY/backface, handlers, aria.","Hai mặt mọi thẻ, đáp án dài nhất320/390 và zoom 200% đầy đủ, không chồng card kế; click/Enter vẫn flip.",IMPLEMENTED,Codex,codex/edu-connect-reading-polish (implementation commit recorded in COMPLETION-REPORT.txt),baseline/live-study-audit.json; evidence/before; evidence/baseline-local,evidence/after/render/results.json; evidence/after/targeted/results.json; evidence/after/accessibility/results.json; evidence/after/logs/runbook-results.json; implementation/edit-journal.json,"320x740,390x844,768x1024,1366x900; targeted breakpoint/zoom/modal results",evidence/after/logs/runbook-results.json,,Code implemented and automatic tests PASS; mandatory visual acceptance remains open where indicated by QA/render checklist.
A02,P2,3,/NLKT,Chart of Accounts và bảng định khoản,"Cho tên wrap, controls/full-width phone; bảng cuộn rõ; within-chapter TOC và label Code depth dễ hiểu.","Tra mã dài, clear/filter, tới mục cuối; columns không mất và bộ dữ liệu tài khoản nguyên.",IMPLEMENTED,Codex,codex/edu-connect-reading-polish (implementation commit recorded in COMPLETION-REPORT.txt),baseline/live-study-audit.json; evidence/before; evidence/baseline-local,evidence/after/render/results.json; evidence/after/targeted/results.json; evidence/after/accessibility/results.json; evidence/after/logs/runbook-results.json; implementation/edit-journal.json,"320x740,390x844,768x1024,1366x900; targeted breakpoint/zoom/modal results",evidence/after/logs/runbook-results.json,,Code implemented and automatic tests PASS; mandatory visual acceptance remains open where indicated by QA/render checklist.
A03,P2,4,/NLKT,"Ch2/6, coa: copy và giới hạn nguồn","Áp từng before/after trong copy review; nói rõ Company A/B thiếu thông tin, ngưỡng TSCĐ chưa nêu. Giữ khác biệt tên112 và ngày Sep19/18-9; không tự chọn/bổ sung.","Đã xem đủ từng bullet mục3, ghi exact before/after; mức bất định và dữ kiện nguyên.",IMPLEMENTED,Codex,codex/edu-connect-reading-polish (implementation commit recorded in COMPLETION-REPORT.txt),baseline/live-study-audit.json; evidence/before; evidence/baseline-local,evidence/after/render/results.json; evidence/after/targeted/results.json; evidence/after/accessibility/results.json; evidence/after/logs/runbook-results.json; implementation/edit-journal.json,"320x740,390x844,768x1024,1366x900; targeted breakpoint/zoom/modal results",evidence/after/logs/runbook-results.json,,Code implemented and automatic tests PASS; mandatory visual acceptance remains open where indicated by QA/render checklist.
F01,P2,3,/KTTC,Bảng620–680px và card-head badge,"Giữ .scroll-table, cue; header wrap/badge không đẩy nội dung; flashcards đã intrinsic chỉ kiểm, không chuyển hàng loạt.",Cột cuối reachable320/390; heading/badge không tràn; flashcard cả hai mặt nguyên.,IMPLEMENTED,Codex,codex/edu-connect-reading-polish (implementation commit recorded in COMPLETION-REPORT.txt),baseline/live-study-audit.json; evidence/before; evidence/baseline-local,evidence/after/render/results.json; evidence/after/targeted/results.json; evidence/after/accessibility/results.json; evidence/after/logs/runbook-results.json; implementation/edit-journal.json,"320x740,390x844,768x1024,1366x900; targeted breakpoint/zoom/modal results",evidence/after/logs/runbook-results.json,,Code implemented and automatic tests PASS; mandatory visual acceptance remains open where indicated by QA/render checklist.
F02,P2,4,/KTTC,Ch2/3/4/6/review: nhãn nội bộ,"Đổi theo mục2 copy review: bảng thực hành,33nghiệp vụ, nhãn Công thức; đặt tên thao tác rõ. Giữ33events, ô trống, formulas, giới hạn mãP&L01–60 và lời giải chưa có.","Đủ14badge xử lý;33events giữ; exact substitutions, mọi công cụ không được quảng bá đã chấm khi chưa chấm.",IMPLEMENTED,Codex,codex/edu-connect-reading-polish (implementation commit recorded in COMPLETION-REPORT.txt),baseline/live-study-audit.json; evidence/before; evidence/baseline-local,evidence/after/render/results.json; evidence/after/targeted/results.json; evidence/after/accessibility/results.json; evidence/after/logs/runbook-results.json; implementation/edit-journal.json,"320x740,390x844,768x1024,1366x900; targeted breakpoint/zoom/modal results",evidence/after/logs/runbook-results.json,,Code implemented and automatic tests PASS; mandatory visual acceptance remains open where indicated by QA/render checklist.
N01,P2,3,/NMLH,Ch5 Pháp nhân: card padding overflow,Bỏ sizing dư/cho height tự nhiên nếu cần để padding đúng; tái kiểm mobile/zoom. Không báo đây là lỗi mất kiến thức đã thấy.,"Text từng đoạn và padding trong border ở320/390/desktop; ghi rõ kết quả tái hiện, không xóa nội dung để làm hết overflow.",IMPLEMENTED,Codex,codex/edu-connect-reading-polish (implementation commit recorded in COMPLETION-REPORT.txt),baseline/live-study-audit.json; evidence/before; evidence/baseline-local,evidence/after/render/results.json; evidence/after/targeted/results.json; evidence/after/accessibility/results.json; evidence/after/logs/runbook-results.json; implementation/edit-journal.json,"320x740,390x844,768x1024,1366x900; targeted breakpoint/zoom/modal results",evidence/after/logs/runbook-results.json,,Code implemented and automatic tests PASS; mandatory visual acceptance remains open where indicated by QA/render checklist.
N02,P2,3,/NMLH,Ch6 penalty grid và prose nhỏ,Reflow một cột khi cần320/390; prose theo spec; giữ nhóm/phân loại/phạm vi pháp luật trong bài.,Tên hình phạt/dẫn giải đủ và dễ so sánh; không đổi legal facts.,IMPLEMENTED,Codex,codex/edu-connect-reading-polish (implementation commit recorded in COMPLETION-REPORT.txt),baseline/live-study-audit.json; evidence/before; evidence/baseline-local,evidence/after/render/results.json; evidence/after/targeted/results.json; evidence/after/accessibility/results.json; evidence/after/logs/runbook-results.json; implementation/edit-journal.json,"320x740,390x844,768x1024,1366x900; targeted breakpoint/zoom/modal results",evidence/after/logs/runbook-results.json,,Code implemented and automatic tests PASS; mandatory visual acceptance remains open where indicated by QA/render checklist.
Q01,P2,3,/KTQT,"Graphs/mindmap/tables, Ch5 ASCII","Cue wrapper; dùng responsive SVG/HTML tương đương cho ASCII nếu cải thiện, kèm mô tả accessible; giữ labels/rates/segments/trục và màu nhóm.",Không mất đơn vị/nhãn; sơ đồ không giả định số chưa có; desktop/mobile readable.,IMPLEMENTED,Codex,codex/edu-connect-reading-polish (implementation commit recorded in COMPLETION-REPORT.txt),baseline/live-study-audit.json; evidence/before; evidence/baseline-local,evidence/after/render/results.json; evidence/after/targeted/results.json; evidence/after/accessibility/results.json; evidence/after/logs/runbook-results.json; implementation/edit-journal.json,"320x740,390x844,768x1024,1366x900; targeted breakpoint/zoom/modal results",evidence/after/logs/runbook-results.json,,Code implemented and automatic tests PASS; mandatory visual acceptance remains open where indicated by QA/render checklist.
Q02,P2,4,/KTQT,Ch1/2/3 và review copy/phạm vi,"Đổi nhãn theo mục1 copy review; review chỉCh1–4. Giữ thiếu ký hiệu p31, ví dụ Britain/America/đơn vị, Modern/Standard và thiếu lời giải giá yếu tố.",Từng bullet có kết quả; không phục dựng công thức p31 hoặc tuyên bố ôn đủ6chương.,IMPLEMENTED,Codex,codex/edu-connect-reading-polish (implementation commit recorded in COMPLETION-REPORT.txt),baseline/live-study-audit.json; evidence/before; evidence/baseline-local,evidence/after/render/results.json; evidence/after/targeted/results.json; evidence/after/accessibility/results.json; evidence/after/logs/runbook-results.json; implementation/edit-journal.json,"320x740,390x844,768x1024,1366x900; targeted breakpoint/zoom/modal results",evidence/after/logs/runbook-results.json,,Code implemented and automatic tests PASS; mandatory visual acceptance remains open where indicated by QA/render checklist.
T01,P2,4,/TCCN,Ch2:14salary cards và Harry Johnson goals rỗng,"Gom từng khối rỗng thành lưu ý nhỏ hoặc details đóng mặc định; giữ nhãn nghề/ngữ cảnh, worksheet limitations; không bịa lương/mục tiêu.","Không còn14thẻ lặp vô ích; thông tin gốc vẫn truy cập; limitation trung thực, không số giả.",IMPLEMENTED,Codex,codex/edu-connect-reading-polish (implementation commit recorded in COMPLETION-REPORT.txt),baseline/live-study-audit.json; evidence/before; evidence/baseline-local,evidence/after/render/results.json; evidence/after/targeted/results.json; evidence/after/accessibility/results.json; evidence/after/logs/runbook-results.json; implementation/edit-journal.json,"320x740,390x844,768x1024,1366x900; targeted breakpoint/zoom/modal results",evidence/after/logs/runbook-results.json,,Code implemented and automatic tests PASS; mandatory visual acceptance remains open where indicated by QA/render checklist.
T02,P2,4,/TCCN,Ch5: six-position insurance visual,Gom note chưa đủ thông tin xác định thứ tự; consideration có sẵn thành danh sách không đánh số; không tự ghép6nhãn.,Người học biết dữ liệu thiếu thứ tự; danh sách gốc giữ; không dựng quy trình giả.,IMPLEMENTED,Codex,codex/edu-connect-reading-polish (implementation commit recorded in COMPLETION-REPORT.txt),baseline/live-study-audit.json; evidence/before; evidence/baseline-local,evidence/after/render/results.json; evidence/after/targeted/results.json; evidence/after/accessibility/results.json; evidence/after/logs/runbook-results.json; implementation/edit-journal.json,"320x740,390x844,768x1024,1366x900; targeted breakpoint/zoom/modal results",evidence/after/logs/runbook-results.json,,Code implemented and automatic tests PASS; mandatory visual acceptance remains open where indicated by QA/render checklist.
T03,P2,4,/TCCN,Ch1/4/5: đồ thị/khối thiếu dữ liệu,Đóng gọn khối thật sự rỗng; giữ qualitative diagrams và nhãn minh họa định tính; phân biệt còn dữ liệu/thiếu dữ liệu.,"Age/contribution, premium, insurance odds, life-cycle rà từng khối; không bỏ diagram có ý nghĩa hoặc biến minh họa thành dữ liệu định lượng.",IMPLEMENTED,Codex,codex/edu-connect-reading-polish (implementation commit recorded in COMPLETION-REPORT.txt),baseline/live-study-audit.json; evidence/before; evidence/baseline-local,evidence/after/render/results.json; evidence/after/targeted/results.json; evidence/after/accessibility/results.json; evidence/after/logs/runbook-results.json; implementation/edit-journal.json,"320x740,390x844,768x1024,1366x900; targeted breakpoint/zoom/modal results",evidence/after/logs/runbook-results.json,,Code implemented and automatic tests PASS; mandatory visual acceptance remains open where indicated by QA/render checklist.
T04,P2,4,/TCCN,"Ch4/5/6/review: copy, aria và bài tự luyện","Áp mục6 copy review, cả aria-label flashcards; nhãn tự ghi cách làm/chưa chấm/chưa lời giải. Giữ đáp án10/5, hệ số0.80/1.00 và tất cả giới hạn nguồn.","Đã xem hết before/after mục6; không chấm tự động bài chưa chấm; claimsStep2/3, IRR, Michelle/Jason còn qualifier.",IMPLEMENTED,Codex,codex/edu-connect-reading-polish (implementation commit recorded in COMPLETION-REPORT.txt),baseline/live-study-audit.json; evidence/before; evidence/baseline-local,evidence/after/render/results.json; evidence/after/targeted/results.json; evidence/after/accessibility/results.json; evidence/after/logs/runbook-results.json; implementation/edit-journal.json,"320x740,390x844,768x1024,1366x900; targeted breakpoint/zoom/modal results",evidence/after/logs/runbook-results.json,,Code implemented and automatic tests PASS; mandatory visual acceptance remains open where indicated by QA/render checklist.
T05,P2,3,/TCCN,"Ch4/5/6 dài, calculator và worksheet","TOC theo heading, collapse grids phù hợp; giữ calculator arithmetic/constraints và user input/storage.","Anchor đúng, nhập/bật lời giải/worksheet hoạt động; longprose và bảng đọc được bốnviewport.",IMPLEMENTED,Codex,codex/edu-connect-reading-polish (implementation commit recorded in COMPLETION-REPORT.txt),baseline/live-study-audit.json; evidence/before; evidence/baseline-local,evidence/after/render/results.json; evidence/after/targeted/results.json; evidence/after/accessibility/results.json; evidence/after/logs/runbook-results.json; implementation/edit-journal.json,"320x740,390x844,768x1024,1366x900; targeted breakpoint/zoom/modal results",evidence/after/logs/runbook-results.json,,Code implemented and automatic tests PASS; mandatory visual acceptance remains open where indicated by QA/render checklist.
V01,P1_VERIFY,3,/VHDDTKD,Flashcard absolute190px,Intrinsic two-face sizing; preserve flip events; chiều cao đầy đủ card sau nâng font.,"Cả hai mặt tất cả thẻ đủ chữ320/390/768/1366, zoom 200%, keyboard/touch; không overlap.",IMPLEMENTED,Codex,codex/edu-connect-reading-polish (implementation commit recorded in COMPLETION-REPORT.txt),baseline/live-study-audit.json; evidence/before; evidence/baseline-local,evidence/after/render/results.json; evidence/after/targeted/results.json; evidence/after/accessibility/results.json; evidence/after/logs/runbook-results.json; implementation/edit-journal.json,"320x740,390x844,768x1024,1366x900; targeted breakpoint/zoom/modal results",evidence/after/logs/runbook-results.json,,Code implemented and automatic tests PASS; mandatory visual acceptance remains open where indicated by QA/render checklist.
V02,P2,2,/VHDDTKD,lesson-section padding lồng,Loại lesson-section khỏi blanket padding hoặc reconcile cả hệ inner spacing; không áp draft nguyên xi.,320px đo container/child; concept/culture matrix không bị padding hai lần; đủ kích thước đọc.,IMPLEMENTED,Codex,codex/edu-connect-reading-polish (implementation commit recorded in COMPLETION-REPORT.txt),baseline/live-study-audit.json; evidence/before; evidence/baseline-local,evidence/after/render/results.json; evidence/after/targeted/results.json; evidence/after/accessibility/results.json; evidence/after/logs/runbook-results.json; implementation/edit-journal.json,"320x740,390x844,768x1024,1366x900; targeted breakpoint/zoom/modal results",evidence/after/logs/runbook-results.json,,Code implemented and automatic tests PASS; mandatory visual acceptance remains open where indicated by QA/render checklist.
V03,P2,3,/VHDDTKD,Culture matrix/continuum/concept map/sources,"Reflow/scroll phù hợp quan hệ mô hình; nguồn wrap; giữ country scores, model dimensions và topology.",Ch2/3 và mọi sơ đồ kiểm320/390/768; labels/ngưỡng/trục nguyên; không sửa90%Toyota thành100%.,IMPLEMENTED,Codex,codex/edu-connect-reading-polish (implementation commit recorded in COMPLETION-REPORT.txt),baseline/live-study-audit.json; evidence/before; evidence/baseline-local,evidence/after/render/results.json; evidence/after/targeted/results.json; evidence/after/accessibility/results.json; evidence/after/logs/runbook-results.json; implementation/edit-journal.json,"320x740,390x844,768x1024,1366x900; targeted breakpoint/zoom/modal results",evidence/after/logs/runbook-results.json,,Code implemented and automatic tests PASS; mandatory visual acceptance remains open where indicated by QA/render checklist.
V04,P2,4,/VHDDTKD,Ch2/3 copy mô hình và giới hạn nguồn,"Mục4 copy review: nhãn Việt rõ, giữ country data, Hofstede4→5→6, hai bối cảnh và cảnh báo không khái quát quốc gia từ case.",Toàn bộ bullets/modern bổ sung đã xử lý; six guidelines vẫn checklist không thành chuỗi nhân quả.,IMPLEMENTED,Codex,codex/edu-connect-reading-polish (implementation commit recorded in COMPLETION-REPORT.txt),baseline/live-study-audit.json; evidence/before; evidence/baseline-local,evidence/after/render/results.json; evidence/after/targeted/results.json; evidence/after/accessibility/results.json; evidence/after/logs/runbook-results.json; implementation/edit-journal.json,"320x740,390x844,768x1024,1366x900; targeted breakpoint/zoom/modal results",evidence/after/logs/runbook-results.json,,Code implemented and automatic tests PASS; mandatory visual acceptance remains open where indicated by QA/render checklist.
D01,P1_VERIFY,3,/TLUD,Flashcard min-height160px nhưng faces absolute,Intrinsic maximum-height hai mặt; giữ filter/deck/data/state.,"Tất cả thẻ, longest answer/zoom 200%,320/390 không clip; flip/reset/filter giữ.",IMPLEMENTED,Codex,codex/edu-connect-reading-polish (implementation commit recorded in COMPLETION-REPORT.txt),baseline/live-study-audit.json; evidence/before; evidence/baseline-local,evidence/after/render/results.json; evidence/after/targeted/results.json; evidence/after/accessibility/results.json; evidence/after/logs/runbook-results.json; implementation/edit-journal.json,"320x740,390x844,768x1024,1366x900; targeted breakpoint/zoom/modal results",evidence/after/logs/runbook-results.json,,Code implemented and automatic tests PASS; mandatory visual acceptance remains open where indicated by QA/render checklist.
D02,P2,3,/TLUD,Ch7 matrix4 operant,"minmax0 +wrap, hoặc semantic table scroll wrapper rõ; giữ header associations và các ô/đáp án.","320/390 đọc cả3 cột, không che nội dung; so ma trận baseline; keyboard phù hợp.",IMPLEMENTED,Codex,codex/edu-connect-reading-polish (implementation commit recorded in COMPLETION-REPORT.txt),baseline/live-study-audit.json; evidence/before; evidence/baseline-local,evidence/after/render/results.json; evidence/after/targeted/results.json; evidence/after/accessibility/results.json; evidence/after/logs/runbook-results.json; implementation/edit-journal.json,"320x740,390x844,768x1024,1366x900; targeted breakpoint/zoom/modal results",evidence/after/logs/runbook-results.json,,Code implemented and automatic tests PASS; mandatory visual acceptance remains open where indicated by QA/render checklist.
D03,P2,3,/TLUD,"Auto-fit grids/gallery, emotion strip","minmax(min(100%,220px),1fr) hoặc tương đương; min-width0; gallery phù hợp; cue cho emotion strip.",Nestedcontainer320/390/zoom không pageoverflow; captions và category labels đủ.,IMPLEMENTED,Codex,codex/edu-connect-reading-polish (implementation commit recorded in COMPLETION-REPORT.txt),baseline/live-study-audit.json; evidence/before; evidence/baseline-local,evidence/after/render/results.json; evidence/after/targeted/results.json; evidence/after/accessibility/results.json; evidence/after/logs/runbook-results.json; implementation/edit-journal.json,"320x740,390x844,768x1024,1366x900; targeted breakpoint/zoom/modal results",evidence/after/logs/runbook-results.json,,Code implemented and automatic tests PASS; mandatory visual acceptance remains open where indicated by QA/render checklist.
D04,P2,4,/TLUD,Ch1/2/7 copy và review deck phạm vi,"Áp mục5 copy review; scope deck trung thực; Weber ΔI=KxI giữ100/K0.08; file-label note ra khỏi bài, giữ hướng dẫn thật sự hỗ trợ.",Ch5–6 không bị hứa có thẻ; không thêm thẻ/answers; qualifiers SF3493/3492/taste/forgetting giữ.,IMPLEMENTED,Codex,codex/edu-connect-reading-polish (implementation commit recorded in COMPLETION-REPORT.txt),baseline/live-study-audit.json; evidence/before; evidence/baseline-local,evidence/after/render/results.json; evidence/after/targeted/results.json; evidence/after/accessibility/results.json; evidence/after/logs/runbook-results.json; implementation/edit-journal.json,"320x740,390x844,768x1024,1366x900; targeted breakpoint/zoom/modal results",evidence/after/logs/runbook-results.json,,Code implemented and automatic tests PASS; mandatory visual acceptance remains open where indicated by QA/render checklist.
S01,P1_VERIFY,3,/STKN,Flashcards fixed150px,Intrinsic sizing cả2 mặt; giữ classes/data/events.,Tất cả mặt dài320/390/zoom 200% và keyboard/touch không clip/overlap.,IMPLEMENTED,Codex,codex/edu-connect-reading-polish (implementation commit recorded in COMPLETION-REPORT.txt),baseline/live-study-audit.json; evidence/before; evidence/baseline-local,evidence/after/render/results.json; evidence/after/targeted/results.json; evidence/after/accessibility/results.json; evidence/after/logs/runbook-results.json; implementation/edit-journal.json,"320x740,390x844,768x1024,1366x900; targeted breakpoint/zoom/modal results",evidence/after/logs/runbook-results.json,,Code implemented and automatic tests PASS; mandatory visual acceptance remains open where indicated by QA/render checklist.
S02,P1_VERIFY,3,/STKN,Venn/wheel transform scale,Phone dùng labelled equivalent grid/list giữ category/quan hệ; desktop giữ diagram; bỏ shrink-to-fit/negative-margin collisions.,"320–768 không overflow/overlap, label/control dễ đọc; model không mất thành phần/quan hệ.",IMPLEMENTED,Codex,codex/edu-connect-reading-polish (implementation commit recorded in COMPLETION-REPORT.txt),baseline/live-study-audit.json; evidence/before; evidence/baseline-local,evidence/after/render/results.json; evidence/after/targeted/results.json; evidence/after/accessibility/results.json; evidence/after/logs/runbook-results.json; implementation/edit-journal.json,"320x740,390x844,768x1024,1366x900; targeted breakpoint/zoom/modal results",evidence/after/logs/runbook-results.json,,Code implemented and automatic tests PASS; mandatory visual acceptance remains open where indicated by QA/render checklist.
S03,P2,3,/STKN,Empathy map/opportunity ring/workspaces,Empathy2col stakeholder spanning hoặc1colphone; ring centre+4traits accessible stacked khi chật; safe nested min240px.,320/390/641/768/820/900/1024 kiểm input/labels; giữ modelCh6/7 khác nhau và thông tin người dùng.,IMPLEMENTED,Codex,codex/edu-connect-reading-polish (implementation commit recorded in COMPLETION-REPORT.txt),baseline/live-study-audit.json; evidence/before; evidence/baseline-local,evidence/after/render/results.json; evidence/after/targeted/results.json; evidence/after/accessibility/results.json; evidence/after/logs/runbook-results.json; implementation/edit-journal.json,"320x740,390x844,768x1024,1366x900; targeted breakpoint/zoom/modal results",evidence/after/logs/runbook-results.json,,Code implemented and automatic tests PASS; mandatory visual acceptance remains open where indicated by QA/render checklist.
S04,P2,3,/STKN,Dark interaction panels,"Light site surfaces, set đồng bộ descendants text/border và feedback. Giữ black hat semantic, chart categories/đúng/sai.","Mọi interaction/sort/drop-zone đủ contrast, không chữ trắng biến mất; trạng thái vẫn rõ.",IMPLEMENTED,Codex,codex/edu-connect-reading-polish (implementation commit recorded in COMPLETION-REPORT.txt),baseline/live-study-audit.json; evidence/before; evidence/baseline-local,evidence/after/render/results.json; evidence/after/targeted/results.json; evidence/after/accessibility/results.json; evidence/after/logs/runbook-results.json; implementation/edit-journal.json,"320x740,390x844,768x1024,1366x900; targeted breakpoint/zoom/modal results",evidence/after/logs/runbook-results.json,,Code implemented and automatic tests PASS; mandatory visual acceptance remains open where indicated by QA/render checklist.
S05,P2,4,/STKN,Ch7 FPT/BMC/framework/copy người học,"Áp mục9 copy review + modern safe candidates; nhãn dễ hiểu, keep27frameworks, FPTcâu hỏi mở, creative4/5steps, BMC9 vsBarringer4 riêng.",Tất cả copy candidates xử lý/contextchecked; ARES Evidences/đáp án nguyên;6levels không tự relabel.,IMPLEMENTED,Codex,codex/edu-connect-reading-polish (implementation commit recorded in COMPLETION-REPORT.txt),baseline/live-study-audit.json; evidence/before; evidence/baseline-local,evidence/after/render/results.json; evidence/after/targeted/results.json; evidence/after/accessibility/results.json; evidence/after/logs/runbook-results.json; implementation/edit-journal.json,"320x740,390x844,768x1024,1366x900; targeted breakpoint/zoom/modal results",evidence/after/logs/runbook-results.json,,Code implemented and automatic tests PASS; mandatory visual acceptance remains open where indicated by QA/render checklist.
B01,P1_VERIFY,3,/NLTTTC,Flashcard170/190px,Intrinsic two-face grid hoặc giải pháp tương đương; keep state.,Cả hai mặt và đáp án dài nhất320/390/zoom 200% khôngcắt/chồng.,IMPLEMENTED,Codex,codex/edu-connect-reading-polish (implementation commit recorded in COMPLETION-REPORT.txt),baseline/live-study-audit.json; evidence/before; evidence/baseline-local,evidence/after/render/results.json; evidence/after/targeted/results.json; evidence/after/accessibility/results.json; evidence/after/logs/runbook-results.json; implementation/edit-journal.json,"320x740,390x844,768x1024,1366x900; targeted breakpoint/zoom/modal results",evidence/after/logs/runbook-results.json,,Code implemented and automatic tests PASS; mandatory visual acceptance remains open where indicated by QA/render checklist.
B02,P2,3,/NLTTTC,Function wheel/tablet source badges,"Chuyển grid2colcenter span sớm đủ,1colphone; source wrap>=13px, headingchildrenmin0.",768/820/900/1024 vàphone: centre+4 chức năng không giao nhau; sources attached/văn bản đầy đủ.,IMPLEMENTED,Codex,codex/edu-connect-reading-polish (implementation commit recorded in COMPLETION-REPORT.txt),baseline/live-study-audit.json; evidence/before; evidence/baseline-local,evidence/after/render/results.json; evidence/after/targeted/results.json; evidence/after/accessibility/results.json; evidence/after/logs/runbook-results.json; implementation/edit-journal.json,"320x740,390x844,768x1024,1366x900; targeted breakpoint/zoom/modal results",evidence/after/logs/runbook-results.json,,Code implemented and automatic tests PASS; mandatory visual acceptance remains open where indicated by QA/render checklist.
B03,P2,3,/NLTTTC,"Timelines5x220, tables/calculators","Cue, correct wrapper, bố cục input và labels; giữ formula/direction/ô còn thiếu.","Scrolltới cuối, tất cả labels/đơn vị đủ; calculator outputs vàconstraints nguyên320/390/768.",IMPLEMENTED,Codex,codex/edu-connect-reading-polish (implementation commit recorded in COMPLETION-REPORT.txt),baseline/live-study-audit.json; evidence/before; evidence/baseline-local,evidence/after/render/results.json; evidence/after/targeted/results.json; evidence/after/accessibility/results.json; evidence/after/logs/runbook-results.json; implementation/edit-journal.json,"320x740,390x844,768x1024,1366x900; targeted breakpoint/zoom/modal results",evidence/after/logs/runbook-results.json,,Code implemented and automatic tests PASS; mandatory visual acceptance remains open where indicated by QA/render checklist.
B04,P2,3,/NLTTTC,Decorative dark strips/market-map/stepper,Scoped lightpalette +coherent childcolors; preserve semantics and readingwidth.,Goal/fact/signal/claim/map/stepper/definition tất cả đủ contrast; không mất cue/trạng thái.,IMPLEMENTED,Codex,codex/edu-connect-reading-polish (implementation commit recorded in COMPLETION-REPORT.txt),baseline/live-study-audit.json; evidence/before; evidence/baseline-local,evidence/after/render/results.json; evidence/after/targeted/results.json; evidence/after/accessibility/results.json; evidence/after/logs/runbook-results.json; implementation/edit-journal.json,"320x740,390x844,768x1024,1366x900; targeted breakpoint/zoom/modal results",evidence/after/logs/runbook-results.json,,Code implemented and automatic tests PASS; mandatory visual acceptance remains open where indicated by QA/render checklist.
B05,P2,4,/NLTTTC,Ch1/4/5/6/review: copy và ô dữ liệu trống,Áp mục8 copy review+modern; details hoặc Chưa có dữ kiện cho ôtrống; không tạo arrows/quizanswers. Maximing spelling chỉ sửa guard chính xác sau xác minh ngữ cảnh.,"Ô còn thiếu ch5/6 vẫn thiếu rõ, signs/conventions không đổi; tất cả candidates được xét.",IMPLEMENTED,Codex,codex/edu-connect-reading-polish (implementation commit recorded in COMPLETION-REPORT.txt),baseline/live-study-audit.json; evidence/before; evidence/baseline-local,evidence/after/render/results.json; evidence/after/targeted/results.json; evidence/after/accessibility/results.json; evidence/after/logs/runbook-results.json; implementation/edit-journal.json,"320x740,390x844,768x1024,1366x900; targeted breakpoint/zoom/modal results",evidence/after/logs/runbook-results.json,,Code implemented and automatic tests PASS; mandatory visual acceptance remains open where indicated by QA/render checklist.
P01,P2,3,/PTBV,Quiz dual250px/goal-grid labels,Safe grid sizing/reflow; natural tileheight16pxbody; feedback thuộcprompt.,"320/390/641/768/800, nhãn SDG dài/options đủ; check/reset/scoring nguyên.",IMPLEMENTED,Codex,codex/edu-connect-reading-polish (implementation commit recorded in COMPLETION-REPORT.txt),baseline/live-study-audit.json; evidence/before; evidence/baseline-local,evidence/after/render/results.json; evidence/after/targeted/results.json; evidence/after/accessibility/results.json; evidence/after/logs/runbook-results.json; implementation/edit-journal.json,"320x740,390x844,768x1024,1366x900; targeted breakpoint/zoom/modal results",evidence/after/logs/runbook-results.json,,Code implemented and automatic tests PASS; mandatory visual acceptance remains open where indicated by QA/render checklist.
P02,P2,3,/PTBV,Course-map modal/FAB,"Reflow map; dvh/safearea/maxheight phù hợp, inner scrolling; focus trap/Escape/trả focus; FAB tránh sticky/keyboard.","320x568,390landscape,768; toànroadmap reachable; keyboard không bị kẹt; không giấu lastcard.",IMPLEMENTED,Codex,codex/edu-connect-reading-polish (implementation commit recorded in COMPLETION-REPORT.txt),baseline/live-study-audit.json; evidence/before; evidence/baseline-local,evidence/after/render/results.json; evidence/after/targeted/results.json; evidence/after/accessibility/results.json; evidence/after/logs/runbook-results.json; implementation/edit-journal.json,"320x740,390x844,768x1024,1366x900; targeted breakpoint/zoom/modal results",evidence/after/logs/runbook-results.json,,Code implemented and automatic tests PASS; mandatory visual acceptance remains open where indicated by QA/render checklist.
P03,P2,3,/PTBV,Timeline detail/FAB dark treatment,"Lighten có scope và kiểm descendant contrast, giữ màuSDGs/semanticcategories.","Timeline/FAB đủ contrast/focus, categories không đổi.",IMPLEMENTED,Codex,codex/edu-connect-reading-polish (implementation commit recorded in COMPLETION-REPORT.txt),baseline/live-study-audit.json; evidence/before; evidence/baseline-local,evidence/after/render/results.json; evidence/after/targeted/results.json; evidence/after/accessibility/results.json; evidence/after/logs/runbook-results.json; implementation/edit-journal.json,"320x740,390x844,768x1024,1366x900; targeted breakpoint/zoom/modal results",evidence/after/logs/runbook-results.json,,Code implemented and automatic tests PASS; mandatory visual acceptance remains open where indicated by QA/render checklist.
P04,P2,4,/PTBV,Ch5/review: cardinality/implementation copy,"Áp mục10 copy review; giữ nhóm5/4/8,3pillars,5principles,17goals và ba phần VietnamSDGs.",Copy checklist đủ; không đổi coverage>92% hoặc biến Crisis/Conflict/Compromise thành tiếntrình.,IMPLEMENTED,Codex,codex/edu-connect-reading-polish (implementation commit recorded in COMPLETION-REPORT.txt),baseline/live-study-audit.json; evidence/before; evidence/baseline-local,evidence/after/render/results.json; evidence/after/targeted/results.json; evidence/after/accessibility/results.json; evidence/after/logs/runbook-results.json; implementation/edit-journal.json,"320x740,390x844,768x1024,1366x900; targeted breakpoint/zoom/modal results",evidence/after/logs/runbook-results.json,,Code implemented and automatic tests PASS; mandatory visual acceptance remains open where indicated by QA/render checklist.
L01,P2,3,/LTMQT,Flash-grid/match-row/sort-actions,"Safe minmax; nhãn wrap, controlsnonshrinking hoặc xuốnghàng; retain event/answersequence.","320/390/641/768/zoom; matching/sort/reset works, text nguyên và touchtargets đủ.",IMPLEMENTED,Codex,codex/edu-connect-reading-polish (implementation commit recorded in COMPLETION-REPORT.txt),baseline/live-study-audit.json; evidence/before; evidence/baseline-local,evidence/after/render/results.json; evidence/after/targeted/results.json; evidence/after/accessibility/results.json; evidence/after/logs/runbook-results.json; implementation/edit-journal.json,"320x740,390x844,768x1024,1366x900; targeted breakpoint/zoom/modal results",evidence/after/logs/runbook-results.json,,Code implemented and automatic tests PASS; mandatory visual acceptance remains open where indicated by QA/render checklist.
L02,P2,3,/LTMQT,Mindmap/tables/case organizers,"Wrappercue, semanticlabels, case textarea minwidth0/fullphone; giữ taxdata/legalcases.",Các sơ đồ/case tables toàn bộ cột reachable320/390; không làm đổi căn cứ/kết luận.,IMPLEMENTED,Codex,codex/edu-connect-reading-polish (implementation commit recorded in COMPLETION-REPORT.txt),baseline/live-study-audit.json; evidence/before; evidence/baseline-local,evidence/after/render/results.json; evidence/after/targeted/results.json; evidence/after/accessibility/results.json; evidence/after/logs/runbook-results.json; implementation/edit-journal.json,"320x740,390x844,768x1024,1366x900; targeted breakpoint/zoom/modal results",evidence/after/logs/runbook-results.json,,Code implemented and automatic tests PASS; mandatory visual acceptance remains open where indicated by QA/render checklist.
L03,P2,4,/LTMQT,Ch3/4 và comparisons: copy/limitations,Áp mục7 copy review+modern; tự phân tích/căn cứ sơ bộ; giữ thiếu article/modelanswer/date/thuế suất theo học phần.,Không chèn điều luật/thuế suất hiện hành; qualifier sát nội dung; everycandidate reviewed.,IMPLEMENTED,Codex,codex/edu-connect-reading-polish (implementation commit recorded in COMPLETION-REPORT.txt),baseline/live-study-audit.json; evidence/before; evidence/baseline-local,evidence/after/render/results.json; evidence/after/targeted/results.json; evidence/after/accessibility/results.json; evidence/after/logs/runbook-results.json; implementation/edit-journal.json,"320x740,390x844,768x1024,1366x900; targeted breakpoint/zoom/modal results",evidence/after/logs/runbook-results.json,,Code implemented and automatic tests PASS; mandatory visual acceptance remains open where indicated by QA/render checklist.
X01,P1,1,/NhapMonLuatHoc-LuyenDe | /KTQT-LuyenDe | /LTMQT-LuyenDe | /NLTTTC-LuyenDe,Overview/card metrics/question index,Renderer convert finite number thành string hoặc numeric callsites rõ; giữ safeText strict cho normalization/validation; không sửa banks/scoring.,"Overview/cards hiện 3/4/5/6bộ theo chương, số câu/duration từ dữ liệu, indices1..n; undefined/null/NaN không in rác; no handler đổi.",IMPLEMENTED,Codex,codex/edu-connect-reading-polish (implementation commit recorded in COMPLETION-REPORT.txt),baseline/live-study-audit.json; evidence/before; evidence/baseline-local,evidence/after/render/results.json; evidence/after/targeted/results.json; evidence/after/accessibility/results.json; evidence/after/logs/runbook-results.json; implementation/edit-journal.json,"320x740,390x844,768x1024,1366x900; targeted breakpoint/zoom/modal results",evidence/after/logs/runbook-results.json,,Code implemented and automatic tests PASS; mandatory visual acceptance remains open where indicated by QA/render checklist.
X02,P2,4,/NhapMonLuatHoc-LuyenDe | /KTQT-LuyenDe | /LTMQT-LuyenDe | /NLTTTC-LuyenDe,Unique questions và duration labels,"Hiển thị20câu riêng hoặc label40lượt rõ; count actualsetdata; dùng Thời gian gợi ý, không hứa countdown.",20 câu riêngvs40 lượt xuất hiện kiểm exact IDs từngbank; count không duplicate; label đúng mọi mode.,IMPLEMENTED,Codex,codex/edu-connect-reading-polish (implementation commit recorded in COMPLETION-REPORT.txt),baseline/live-study-audit.json; evidence/before; evidence/baseline-local,evidence/after/render/results.json; evidence/after/targeted/results.json; evidence/after/accessibility/results.json; evidence/after/logs/runbook-results.json; implementation/edit-journal.json,"320x740,390x844,768x1024,1366x900; targeted breakpoint/zoom/modal results",evidence/after/logs/runbook-results.json,,Code implemented and automatic tests PASS; mandatory visual acceptance remains open where indicated by QA/render checklist.
X03,P2,2,ALL_PRACTICE,Palette/font/card overview/questions,"Light overview, prose/options16px, uniformheading/cardspacing; harmonizevisuals riêng từngnavigation, không migrate scoring vào theoryheader.",21modesx4viewport; title/option/explanation đủ contrast/font; activeunderline/picker rõ và controls44px.,IMPLEMENTED,Codex,codex/edu-connect-reading-polish (implementation commit recorded in COMPLETION-REPORT.txt),baseline/live-study-audit.json; evidence/before; evidence/baseline-local,evidence/after/render/results.json; evidence/after/targeted/results.json; evidence/after/accessibility/results.json; evidence/after/logs/runbook-results.json; implementation/edit-journal.json,"320x740,390x844,768x1024,1366x900; targeted breakpoint/zoom/modal results",evidence/after/logs/runbook-results.json,,Code implemented and automatic tests PASS; mandatory visual acceptance remains open where indicated by QA/render checklist.
X04,P2,3,ALL_PRACTICE,"Sticky actions, long account/subtitle/online count","Wrap/compactheader, safearea/buttonrow layout; nativepicker<1280 đồng bộ; testsfixturetên dài/bộ đếm online bốn chữ số.",320/390/768/1279/1280/1366; câu cuối/nút nộp/retry reachable; keyboard không che thao tác.,IMPLEMENTED,Codex,codex/edu-connect-reading-polish (implementation commit recorded in COMPLETION-REPORT.txt),baseline/live-study-audit.json; evidence/before; evidence/baseline-local,evidence/after/render/results.json; evidence/after/targeted/results.json; evidence/after/accessibility/results.json; evidence/after/logs/runbook-results.json; implementation/edit-journal.json,"320x740,390x844,768x1024,1366x900; targeted breakpoint/zoom/modal results",evidence/after/logs/runbook-results.json,,Code implemented and automatic tests PASS; mandatory visual acceptance remains open where indicated by QA/render checklist.
X05,P2,4,/TCCN-LuyenDe,Overview4bộ nhưng5 card đề thi,Tính count từ cấu hình thật hoặc dùng wording đúng; keep3source+1applied+FinalMix and banks.,Overview và Luyệnthi khớp5 hiện tại; data/remix eligibility/timer không đổi.,IMPLEMENTED,Codex,codex/edu-connect-reading-polish (implementation commit recorded in COMPLETION-REPORT.txt),baseline/live-study-audit.json; evidence/before; evidence/baseline-local,evidence/after/render/results.json; evidence/after/targeted/results.json; evidence/after/accessibility/results.json; evidence/after/logs/runbook-results.json; implementation/edit-journal.json,"320x740,390x844,768x1024,1366x900; targeted breakpoint/zoom/modal results",evidence/after/logs/runbook-results.json,,Code implemented and automatic tests PASS; mandatory visual acceptance remains open where indicated by QA/render checklist.
X06,P2,4,/NguyenLyKeToan-LuyenDe,Guided cases quảng bá tự chấm,Nói tự đối chiếu lời giải; giữ6 bộ trắc nghiệm+3 bài tự luận có lời giải và modes3chapter/2quiz/4practicecards.,Caseopen/solutiontoggle/reset giữ; không tạoautograder hoặc hứachấm khi không có.,IMPLEMENTED,Codex,codex/edu-connect-reading-polish (implementation commit recorded in COMPLETION-REPORT.txt),baseline/live-study-audit.json; evidence/before; evidence/baseline-local,evidence/after/render/results.json; evidence/after/targeted/results.json; evidence/after/accessibility/results.json; evidence/after/logs/runbook-results.json; implementation/edit-journal.json,"320x740,390x844,768x1024,1366x900; targeted breakpoint/zoom/modal results",evidence/after/logs/runbook-results.json,,Code implemented and automatic tests PASS; mandatory visual acceptance remains open where indicated by QA/render checklist.
X07,P2,3,/NguyenLyKeToan-LuyenDe,Longcase/generatedtables/metrics,"Wraplabels, goodprose, scrolltables và control toàn chiều rộng điện thoại; giữ solutionHTML/data.","Tất cả9sets mở/checkcase4viewports; lời giải đầy đủ, buttons không tràn.",IMPLEMENTED,Codex,codex/edu-connect-reading-polish (implementation commit recorded in COMPLETION-REPORT.txt),baseline/live-study-audit.json; evidence/before; evidence/baseline-local,evidence/after/render/results.json; evidence/after/targeted/results.json; evidence/after/accessibility/results.json; evidence/after/logs/runbook-results.json; implementation/edit-journal.json,"320x740,390x844,768x1024,1366x900; targeted breakpoint/zoom/modal results",evidence/after/logs/runbook-results.json,,Code implemented and automatic tests PASS; mandatory visual acceptance remains open where indicated by QA/render checklist.
X08,P2,3,/TCCN-LuyenDe,Timer/mistakes/results/explanations,Sửa presentation nếu cần rồi verify mọi trạng thái trên fixture cô lập; keep countdown/auto-submit/mistakes semantics.,Wrong/change/correct/unanswered/submit/lock/retry/expiry/emptymistakes/storagefail tested; không ghi dữ liệu production.,IMPLEMENTED,Codex,codex/edu-connect-reading-polish (implementation commit recorded in COMPLETION-REPORT.txt),baseline/live-study-audit.json; evidence/before; evidence/baseline-local,evidence/after/render/results.json; evidence/after/targeted/results.json; evidence/after/accessibility/results.json; evidence/after/logs/runbook-results.json; implementation/edit-journal.json,"320x740,390x844,768x1024,1366x900; targeted breakpoint/zoom/modal results",evidence/after/logs/runbook-results.json,,Code implemented and automatic tests PASS; mandatory visual acceptance remains open where indicated by QA/render checklist.
H01,P2,2,/,Coursecards descriptions/title/spacing,"Descriptions15–16px, cardpadding/naturalheight/griddễ đọc trên điện thoại; giữ đủ 12 môn.","Homepage4viewports, tiêu đề dàiwrap, fontViệtđúng; không bỏNLKT/cácmôn.",IMPLEMENTED,Codex,codex/edu-connect-reading-polish (implementation commit recorded in COMPLETION-REPORT.txt),baseline/live-study-audit.json; evidence/before; evidence/baseline-local,evidence/after/render/results.json; evidence/after/targeted/results.json; evidence/after/accessibility/results.json; evidence/after/logs/runbook-results.json; implementation/edit-journal.json,"320x740,390x844,768x1024,1366x900; targeted breakpoint/zoom/modal results",evidence/after/logs/runbook-results.json,,Code implemented and automatic tests PASS; mandatory visual acceptance remains open where indicated by QA/render checklist.
H02,P2,4,/,NMLH availability stale,"CTA đúng /NhapMonLuatHoc-LuyenDe, wording luyệnthử20câu/phạm vi dữ liệu thật; accessiblelink.","CTA hoạtđộng guest/signedin, route 20 câu; không hứa fullbank/countdown.",IMPLEMENTED,Codex,codex/edu-connect-reading-polish (implementation commit recorded in COMPLETION-REPORT.txt),baseline/live-study-audit.json; evidence/before; evidence/baseline-local,evidence/after/render/results.json; evidence/after/targeted/results.json; evidence/after/accessibility/results.json; evidence/after/logs/runbook-results.json; implementation/edit-journal.json,"320x740,390x844,768x1024,1366x900; targeted breakpoint/zoom/modal results",evidence/after/logs/runbook-results.json,,Code implemented and automatic tests PASS; mandatory visual acceptance remains open where indicated by QA/render checklist.
H03,P2,4,/,Missingpractice entrypoints KTQT/LTMQT/NLTTTC,"Thêm3lốivào đúngroutes, limitedpilotcopy, count hiện có; giữ LuậtDoanhNghiệp chờra mắt vì chưa có route.","6practice entrypoints khớp map, không 404 hoặc CTA hỏng; LuậtDN khônggắnroute giả.",IMPLEMENTED,Codex,codex/edu-connect-reading-polish (implementation commit recorded in COMPLETION-REPORT.txt),baseline/live-study-audit.json; evidence/before; evidence/baseline-local,evidence/after/render/results.json; evidence/after/targeted/results.json; evidence/after/accessibility/results.json; evidence/after/logs/runbook-results.json; implementation/edit-journal.json,"320x740,390x844,768x1024,1366x900; targeted breakpoint/zoom/modal results",evidence/after/logs/runbook-results.json,,Code implemented and automatic tests PASS; mandatory visual acceptance remains open where indicated by QA/render checklist.
H04,P2,4,/,Practice section wording/NLKT description,Luyện tập theo môn; nói trắc nghiệm chấm điểm và bài tự luận cólời giải tự đối chiếu; theo before/after.,"Cam kết tính năng khớp6MCQ/3 bài tự luận có lời giải,thời gian gợi ý của bốn pilot, TCCN realtimer; no inflatedcoverage.",IMPLEMENTED,Codex,codex/edu-connect-reading-polish (implementation commit recorded in COMPLETION-REPORT.txt),baseline/live-study-audit.json; evidence/before; evidence/baseline-local,evidence/after/render/results.json; evidence/after/targeted/results.json; evidence/after/accessibility/results.json; evidence/after/logs/runbook-results.json; implementation/edit-journal.json,"320x740,390x844,768x1024,1366x900; targeted breakpoint/zoom/modal results",evidence/after/logs/runbook-results.json,,Code implemented and automatic tests PASS; mandatory visual acceptance remains open where indicated by QA/render checklist.
FZ01,P0_GUARD,0,ALL_THEORY,Bảo toàn học thuật/IDs/scripts/routes,Snapshot againstbaseline triển khai toàn82tabs+toàn bộ 6 bank; biên tập chính xác/định dạng outputallowlist narrow; numeric/formula/cases/đáp án unchanged; cấu trúc chương/routes/authFirebase intact.,Contentpreservationchecklist và tests/selfnegativeguards PASS; noskips/broadregex; có before/after mọi exception.,VERIFIED_FIXED,Codex,codex/edu-connect-reading-polish (implementation commit recorded in COMPLETION-REPORT.txt),baseline/live-study-audit.json; evidence/before; evidence/baseline-local,evidence/after/render/results.json; evidence/after/targeted/results.json; evidence/after/accessibility/results.json; evidence/after/logs/runbook-results.json; implementation/edit-journal.json,"320x740,390x844,768x1024,1366x900; targeted breakpoint/zoom/modal results",evidence/after/logs/runbook-results.json,,Source and behavior guard PASS.
FZ02,P0_GUARD,0,ALL_THEORY,Nháp stashed chưa được nghiệm thu,"Bắtđầucleanbranch; nháp chỉreference từnghunk. Không blindlystashpop, không rerunauthoringtests; registry làscope thực hiện.",Gitdiffcleanformat và reviewallhunks; khôngclaimPASS từ draftsnapshot; merge/deployseparateapproval.,VERIFIED_FIXED,Codex,codex/edu-connect-reading-polish (implementation commit recorded in COMPLETION-REPORT.txt),baseline/live-study-audit.json; evidence/before; evidence/baseline-local,evidence/after/render/results.json; evidence/after/targeted/results.json; evidence/after/accessibility/results.json; evidence/after/logs/runbook-results.json; implementation/edit-journal.json,"320x740,390x844,768x1024,1366x900; targeted breakpoint/zoom/modal results",evidence/after/logs/runbook-results.json,,Source and behavior guard PASS.
FZ03,P0_GUARD,5,ALL_PRACTICE,Cô lập QA và giữ behavior,"UseisolatedFirebase/storage fixtures; test allMCQbanks+guidedcases; persistauthcontract/navigation only, leavequestiondata/scoring unchanged.",BehaviorchecklistPASSES và networkevidencefixture; không ghi database production; testscope đúng.,VERIFIED_FIXED,Codex,codex/edu-connect-reading-polish (implementation commit recorded in COMPLETION-REPORT.txt),baseline/live-study-audit.json; evidence/before; evidence/baseline-local,evidence/after/render/results.json; evidence/after/targeted/results.json; evidence/after/accessibility/results.json; evidence/after/logs/runbook-results.json; implementation/edit-journal.json,"320x740,390x844,768x1024,1366x900; targeted breakpoint/zoom/modal results",evidence/after/logs/runbook-results.json,,Source and behavior guard PASS.
FZ04,P0_GUARD,6,ALL_THEORY,Hoàn thành phải có evidence và coverage,Fill416coveragerows +QA/implementation/copy/preservation/state checklists; before-after + commands/results; createbranchcommit/draftPR reviewable.,KhôngTODO/FAIL/BLOCKED chưaghi; verifiednofixneedsactualproof; do notdeclarefullcompletewhenblockersremain.,IMPLEMENTED,Codex,codex/edu-connect-reading-polish (implementation commit recorded in COMPLETION-REPORT.txt),baseline/live-study-audit.json; evidence/before; evidence/baseline-local,evidence/after/render/results.json; evidence/after/targeted/results.json; evidence/after/accessibility/results.json; evidence/after/logs/runbook-results.json; implementation/edit-journal.json,"320x740,390x844,768x1024,1366x900; targeted breakpoint/zoom/modal results",evidence/after/logs/runbook-results.json,,Code implemented and automatic tests PASS; mandatory visual acceptance remains open where indicated by QA/render checklist.
