preservation_id,scope,contract,method,status,baseline_sha,exception_record,result_evidence,notes
PR001,/NMLH | NhapMonLuatHoc.html,Toàn bộ chương/reviewbody+headings/scripts/data/numbers/formulas/cases/models; IDs/order andconstraints input giữ nguyên,Exactbaseline triển khai hiện tại snapshot for EVERYchapter includingcompletionchapters; only narrowcopy/định dạng output/TOC exceptions; negatives detect thay đổi học thuật,PASS,5b0e619fb6838363a79dcb2966a6c138375a59ec,implementation/edit-journal.json (160 exact substitutions; occurrence counts checked),evidence/after/logs/current-base-self-test.log; evidence/after/logs/academic-self-test.log; evidence/after/practice-states/results.json,Entire current implementation source replayed against audit base; every practice bank also compared objectwise. Auth/Firebase/rules/routes unchanged. Negative mutations rejected.
PR002,/KTCTMLN | KinhTeChinhTriMacLeNin.html,Toàn bộ chương/reviewbody+headings/scripts/data/numbers/formulas/cases/models; IDs/order andconstraints input giữ nguyên,Exactbaseline triển khai hiện tại snapshot for EVERYchapter includingcompletionchapters; only narrowcopy/định dạng output/TOC exceptions; negatives detect thay đổi học thuật,PASS,5b0e619fb6838363a79dcb2966a6c138375a59ec,implementation/edit-journal.json (160 exact substitutions; occurrence counts checked),evidence/after/logs/current-base-self-test.log; evidence/after/logs/academic-self-test.log; evidence/after/practice-states/results.json,Entire current implementation source replayed against audit base; every practice bank also compared objectwise. Auth/Firebase/rules/routes unchanged. Negative mutations rejected.
PR003,/KTTC | KE_TOAN_TAI_CHINH.html,Toàn bộ chương/reviewbody+headings/scripts/data/numbers/formulas/cases/models; IDs/order andconstraints input giữ nguyên,Exactbaseline triển khai hiện tại snapshot for EVERYchapter includingcompletionchapters; only narrowcopy/định dạng output/TOC exceptions; negatives detect thay đổi học thuật,PASS,5b0e619fb6838363a79dcb2966a6c138375a59ec,implementation/edit-journal.json (160 exact substitutions; occurrence counts checked),evidence/after/logs/current-base-self-test.log; evidence/after/logs/academic-self-test.log; evidence/after/practice-states/results.json,Entire current implementation source replayed against audit base; every practice bank also compared objectwise. Auth/Firebase/rules/routes unchanged. Negative mutations rejected.
PR004,/NLKT | NGUYEN_LY_KE_TOAN.html,Toàn bộ chương/reviewbody+headings/scripts/data/numbers/formulas/cases/models; IDs/order andconstraints input giữ nguyên,Exactbaseline triển khai hiện tại snapshot for EVERYchapter includingcompletionchapters; only narrowcopy/định dạng output/TOC exceptions; negatives detect thay đổi học thuật,PASS,5b0e619fb6838363a79dcb2966a6c138375a59ec,implementation/edit-journal.json (160 exact substitutions; occurrence counts checked),evidence/after/logs/current-base-self-test.log; evidence/after/logs/academic-self-test.log; evidence/after/practice-states/results.json,Entire current implementation source replayed against audit base; every practice bank also compared objectwise. Auth/Firebase/rules/routes unchanged. Negative mutations rejected.
PR005,/KTQT | KINH_TE_QUOC_TE.html,Toàn bộ chương/reviewbody+headings/scripts/data/numbers/formulas/cases/models; IDs/order andconstraints input giữ nguyên,Exactbaseline triển khai hiện tại snapshot for EVERYchapter includingcompletionchapters; only narrowcopy/định dạng output/TOC exceptions; negatives detect thay đổi học thuật,PASS,5b0e619fb6838363a79dcb2966a6c138375a59ec,implementation/edit-journal.json (160 exact substitutions; occurrence counts checked),evidence/after/logs/current-base-self-test.log; evidence/after/logs/academic-self-test.log; evidence/after/practice-states/results.json,Entire current implementation source replayed against audit base; every practice bank also compared objectwise. Auth/Firebase/rules/routes unchanged. Negative mutations rejected.
PR006,/TCCN | TAI_CHINH_CA_NHAN.html,Toàn bộ chương/reviewbody+headings/scripts/data/numbers/formulas/cases/models; IDs/order andconstraints input giữ nguyên,Exactbaseline triển khai hiện tại snapshot for EVERYchapter includingcompletionchapters; only narrowcopy/định dạng output/TOC exceptions; negatives detect thay đổi học thuật,PASS,5b0e619fb6838363a79dcb2966a6c138375a59ec,implementation/edit-journal.json (160 exact substitutions; occurrence counts checked),evidence/after/logs/current-base-self-test.log; evidence/after/logs/academic-self-test.log; evidence/after/practice-states/results.json,Entire current implementation source replayed against audit base; every practice bank also compared objectwise. Auth/Firebase/rules/routes unchanged. Negative mutations rejected.
PR007,/NLTTTC | NGUYEN_LY_THI_TRUONG_TAI_CHINH.html,Toàn bộ chương/reviewbody+headings/scripts/data/numbers/formulas/cases/models; IDs/order andconstraints input giữ nguyên,Exactbaseline triển khai hiện tại snapshot for EVERYchapter includingcompletionchapters; only narrowcopy/định dạng output/TOC exceptions; negatives detect thay đổi học thuật,PASS,5b0e619fb6838363a79dcb2966a6c138375a59ec,implementation/edit-journal.json (160 exact substitutions; occurrence counts checked),evidence/after/logs/current-base-self-test.log; evidence/after/logs/academic-self-test.log; evidence/after/practice-states/results.json,Entire current implementation source replayed against audit base; every practice bank also compared objectwise. Auth/Firebase/rules/routes unchanged. Negative mutations rejected.
PR008,/LTMQT | LUAT_THUONG_MAI_QUOC_TE.html,Toàn bộ chương/reviewbody+headings/scripts/data/numbers/formulas/cases/models; IDs/order andconstraints input giữ nguyên,Exactbaseline triển khai hiện tại snapshot for EVERYchapter includingcompletionchapters; only narrowcopy/định dạng output/TOC exceptions; negatives detect thay đổi học thuật,PASS,5b0e619fb6838363a79dcb2966a6c138375a59ec,implementation/edit-journal.json (160 exact substitutions; occurrence counts checked),evidence/after/logs/current-base-self-test.log; evidence/after/logs/academic-self-test.log; evidence/after/practice-states/results.json,Entire current implementation source replayed against audit base; every practice bank also compared objectwise. Auth/Firebase/rules/routes unchanged. Negative mutations rejected.
PR009,/VHDDTKD | VAN_HOA_VA_DAO_DUC_TRONG_KINH_DOANH_QUOC_TE.html,Toàn bộ chương/reviewbody+headings/scripts/data/numbers/formulas/cases/models; IDs/order andconstraints input giữ nguyên,Exactbaseline triển khai hiện tại snapshot for EVERYchapter includingcompletionchapters; only narrowcopy/định dạng output/TOC exceptions; negatives detect thay đổi học thuật,PASS,5b0e619fb6838363a79dcb2966a6c138375a59ec,implementation/edit-journal.json (160 exact substitutions; occurrence counts checked),evidence/after/logs/current-base-self-test.log; evidence/after/logs/academic-self-test.log; evidence/after/practice-states/results.json,Entire current implementation source replayed against audit base; every practice bank also compared objectwise. Auth/Firebase/rules/routes unchanged. Negative mutations rejected.
PR010,/PTBV | PHAT_TRIEN_BEN_VUNG.html,Toàn bộ chương/reviewbody+headings/scripts/data/numbers/formulas/cases/models; IDs/order andconstraints input giữ nguyên,Exactbaseline triển khai hiện tại snapshot for EVERYchapter includingcompletionchapters; only narrowcopy/định dạng output/TOC exceptions; negatives detect thay đổi học thuật,PASS,5b0e619fb6838363a79dcb2966a6c138375a59ec,implementation/edit-journal.json (160 exact substitutions; occurrence counts checked),evidence/after/logs/current-base-self-test.log; evidence/after/logs/academic-self-test.log; evidence/after/practice-states/results.json,Entire current implementation source replayed against audit base; every practice bank also compared objectwise. Auth/Firebase/rules/routes unchanged. Negative mutations rejected.
PR011,/STKN | SANG_TAO_KHOI_NGHIEP.html,Toàn bộ chương/reviewbody+headings/scripts/data/numbers/formulas/cases/models; IDs/order andconstraints input giữ nguyên,Exactbaseline triển khai hiện tại snapshot for EVERYchapter includingcompletionchapters; only narrowcopy/định dạng output/TOC exceptions; negatives detect thay đổi học thuật,PASS,5b0e619fb6838363a79dcb2966a6c138375a59ec,implementation/edit-journal.json (160 exact substitutions; occurrence counts checked),evidence/after/logs/current-base-self-test.log; evidence/after/logs/academic-self-test.log; evidence/after/practice-states/results.json,Entire current implementation source replayed against audit base; every practice bank also compared objectwise. Auth/Firebase/rules/routes unchanged. Negative mutations rejected.
PR012,/TLUD | TAM_LY_UNG_DUNG.html,Toàn bộ chương/reviewbody+headings/scripts/data/numbers/formulas/cases/models; IDs/order andconstraints input giữ nguyên,Exactbaseline triển khai hiện tại snapshot for EVERYchapter includingcompletionchapters; only narrowcopy/định dạng output/TOC exceptions; negatives detect thay đổi học thuật,PASS,5b0e619fb6838363a79dcb2966a6c138375a59ec,implementation/edit-journal.json (160 exact substitutions; occurrence counts checked),evidence/after/logs/current-base-self-test.log; evidence/after/logs/academic-self-test.log; evidence/after/practice-states/results.json,Entire current implementation source replayed against audit base; every practice bank also compared objectwise. Auth/Firebase/rules/routes unchanged. Negative mutations rejected.
PR013,/NhapMonLuatHoc-LuyenDe | NhapMonLuatHoc-LuyenDe.html,Mọi câu hỏi ID/stem/options/key/explanation/trace/setmembership/constraints/case và HTML lời giải protected,Parsemọi banks/setdata comparebaseline triển khai hiện tại objectwise; no đáp án/order semanticmutation; alloweddisplaycopy outsidebank only,PASS,5b0e619fb6838363a79dcb2966a6c138375a59ec,implementation/edit-journal.json (160 exact substitutions; occurrence counts checked),evidence/after/logs/current-base-self-test.log; evidence/after/logs/academic-self-test.log; evidence/after/practice-states/results.json,Entire current implementation source replayed against audit base; every practice bank also compared objectwise. Auth/Firebase/rules/routes unchanged. Negative mutations rejected.
PR014,/KTQT-LuyenDe | KTQT-LuyenDe.html,Mọi câu hỏi ID/stem/options/key/explanation/trace/setmembership/constraints/case và HTML lời giải protected,Parsemọi banks/setdata comparebaseline triển khai hiện tại objectwise; no đáp án/order semanticmutation; alloweddisplaycopy outsidebank only,PASS,5b0e619fb6838363a79dcb2966a6c138375a59ec,implementation/edit-journal.json (160 exact substitutions; occurrence counts checked),evidence/after/logs/current-base-self-test.log; evidence/after/logs/academic-self-test.log; evidence/after/practice-states/results.json,Entire current implementation source replayed against audit base; every practice bank also compared objectwise. Auth/Firebase/rules/routes unchanged. Negative mutations rejected.
PR015,/LTMQT-LuyenDe | LTMQT-LuyenDe.html,Mọi câu hỏi ID/stem/options/key/explanation/trace/setmembership/constraints/case và HTML lời giải protected,Parsemọi banks/setdata comparebaseline triển khai hiện tại objectwise; no đáp án/order semanticmutation; alloweddisplaycopy outsidebank only,PASS,5b0e619fb6838363a79dcb2966a6c138375a59ec,implementation/edit-journal.json (160 exact substitutions; occurrence counts checked),evidence/after/logs/current-base-self-test.log; evidence/after/logs/academic-self-test.log; evidence/after/practice-states/results.json,Entire current implementation source replayed against audit base; every practice bank also compared objectwise. Auth/Firebase/rules/routes unchanged. Negative mutations rejected.
PR016,/NLTTTC-LuyenDe | NLTTTC-LuyenDe.html,Mọi câu hỏi ID/stem/options/key/explanation/trace/setmembership/constraints/case và HTML lời giải protected,Parsemọi banks/setdata comparebaseline triển khai hiện tại objectwise; no đáp án/order semanticmutation; alloweddisplaycopy outsidebank only,PASS,5b0e619fb6838363a79dcb2966a6c138375a59ec,implementation/edit-journal.json (160 exact substitutions; occurrence counts checked),evidence/after/logs/current-base-self-test.log; evidence/after/logs/academic-self-test.log; evidence/after/practice-states/results.json,Entire current implementation source replayed against audit base; every practice bank also compared objectwise. Auth/Firebase/rules/routes unchanged. Negative mutations rejected.
PR017,/TCCN-LuyenDe | TCCN-LuyenDe.html,Mọi câu hỏi ID/stem/options/key/explanation/trace/setmembership/constraints/case và HTML lời giải protected,Parsemọi banks/setdata comparebaseline triển khai hiện tại objectwise; no đáp án/order semanticmutation; alloweddisplaycopy outsidebank only,PASS,5b0e619fb6838363a79dcb2966a6c138375a59ec,implementation/edit-journal.json (160 exact substitutions; occurrence counts checked),evidence/after/logs/current-base-self-test.log; evidence/after/logs/academic-self-test.log; evidence/after/practice-states/results.json,Entire current implementation source replayed against audit base; every practice bank also compared objectwise. Auth/Firebase/rules/routes unchanged. Negative mutations rejected.
PR018,/NguyenLyKeToan-LuyenDe | NguyenLyKeToan-LuyenDe.html,Mọi câu hỏi ID/stem/options/key/explanation/trace/setmembership/constraints/case và HTML lời giải protected,Parsemọi banks/setdata comparebaseline triển khai hiện tại objectwise; no đáp án/order semanticmutation; alloweddisplaycopy outsidebank only,PASS,5b0e619fb6838363a79dcb2966a6c138375a59ec,implementation/edit-journal.json (160 exact substitutions; occurrence counts checked),evidence/after/logs/current-base-self-test.log; evidence/after/logs/academic-self-test.log; evidence/after/practice-states/results.json,Entire current implementation source replayed against audit base; every practice bank also compared objectwise. Auth/Firebase/rules/routes unchanged. Negative mutations rejected.
PR019,Routes,12theoryrewrite destinations +6cleanUrlpractice +links unchanged/valid,firebase.json exactcontract; verifyhomepage CTAs andtheorypractice/backlinks,PASS,5b0e619fb6838363a79dcb2966a6c138375a59ec,implementation/edit-journal.json (160 exact substitutions; occurrence counts checked),evidence/after/logs/current-base-self-test.log; evidence/after/logs/academic-self-test.log; evidence/after/practice-states/results.json,Entire current implementation source replayed against audit base; every practice bank also compared objectwise. Auth/Firebase/rules/routes unchanged. Negative mutations rejected.
PR020,Auth/Firebase,Login/logout/OAuthcontract/listeners/securityrules/config/DBwrites unchanged,Source/behaviorfixture comparison; không ghi dữ liệu production/thông tin đăng nhập mới,PASS,5b0e619fb6838363a79dcb2966a6c138375a59ec,implementation/edit-journal.json (160 exact substitutions; occurrence counts checked),evidence/after/logs/current-base-self-test.log; evidence/after/logs/academic-self-test.log; evidence/after/practice-states/results.json,Entire current implementation source replayed against audit base; every practice bank also compared objectwise. Auth/Firebase/rules/routes unchanged. Negative mutations rejected.
PR021,Scoring/timer/storage,Grade/randomize/retry/lock/expiry/savemistakes behavior unchanged,Isolated kiểm trạng thái mọi bank and comparison; finitenumericdisplay is exception only,PASS,5b0e619fb6838363a79dcb2966a6c138375a59ec,implementation/edit-journal.json (160 exact substitutions; occurrence counts checked),evidence/after/logs/current-base-self-test.log; evidence/after/logs/academic-self-test.log; evidence/after/practice-states/results.json,Entire current implementation source replayed against audit base; every practice bank also compared objectwise. Auth/Firebase/rules/routes unchanged. Negative mutations rejected.
PR022,Editorialjournal,"Eachbefore/after exact, occurrencecount/location, rationale; keepalluncertainties",COPY checklist +allowlist reviewed; no broadregex/skippedchapter,PASS,5b0e619fb6838363a79dcb2966a6c138375a59ec,implementation/edit-journal.json (160 exact substitutions; occurrence counts checked),evidence/after/logs/current-base-self-test.log; evidence/after/logs/academic-self-test.log; evidence/after/practice-states/results.json,Entire current implementation source replayed against audit base; every practice bank also compared objectwise. Auth/Firebase/rules/routes unchanged. Negative mutations rejected.
PR023,Negativeguards,Existinghistoricalcheckpoint/selftests protectfacts despiteeditorialextensions,"content_check --self-test andacademicnegativeguards, đối chiếu nghiêm với baseline hiện tại forcompletiongap",PASS,5b0e619fb6838363a79dcb2966a6c138375a59ec,implementation/edit-journal.json (160 exact substitutions; occurrence counts checked),evidence/after/logs/current-base-self-test.log; evidence/after/logs/academic-self-test.log; evidence/after/practice-states/results.json,Entire current implementation source replayed against audit base; every practice bank also compared objectwise. Auth/Firebase/rules/routes unchanged. Negative mutations rejected.
PR024,Deployment,No mainmerge/productiondeploy inthis task,Reviewbranch/commit/draftPR; record nodeploy; separateuserapprovalforrelease,PASS,5b0e619fb6838363a79dcb2966a6c138375a59ec,implementation/edit-journal.json (160 exact substitutions; occurrence counts checked),COMPLETION-REPORT.txt; Git branch/history,"No main merge, push or production deployment executed."
