qa_id,area,scope,procedure,expected,viewports,required_evidence,status,commit,result_evidence,notes
QA001,Coverage,12theory/82tabs +6practice/21modes +home,"Điền đủ416rows, scroll tới cuối/mở nội dung ẩn",Mọi body đã visualreview; issuefix cóảnh riêng,"320,390,768,1366",CoverageCSV+ảnh/log/contactsheet,PASS,2f6eadb67fd1d5e07e58f4684dab5812002458f2,implementation/visual-review.json; implementation/practice-visual-review.json; evidence/after/logs/runbook-results.json; evidence/after/accessibility/results.json; evidence/after/targeted/results.json; evidence/after/practice-states/results.json; evidence/after/practice-header/results.json,Actual source/interaction checks plus completed whole-body and supplemental component image inspection; see completion report for methods and limits.
QA002,Glyphs,Allpages,"Đọc dấu Việt, chữ English, ký hiệu toán sau font load",Khôngmojibake/□/cutdiacritics/khôngfontfallback xấu,"320,390,768,1366",Computedfont+ảnhvăn bản dài,PASS,2f6eadb67fd1d5e07e58f4684dab5812002458f2,implementation/visual-review.json; implementation/practice-visual-review.json; evidence/after/logs/runbook-results.json; evidence/after/accessibility/results.json; evidence/after/targeted/results.json; evidence/after/practice-states/results.json; evidence/after/practice-header/results.json,Actual source/interaction checks plus completed whole-body and supplemental component image inspection; see completion report for methods and limits.
QA003,Typography,Allbody,Đo computed prose/headings/notes; xem lines và hierarchy,Đạt DESIGN-SPEC và readableexception córationale,"320,390,768,1366",Computedstyles+representative screenshots,PASS,2f6eadb67fd1d5e07e58f4684dab5812002458f2,implementation/visual-review.json; implementation/practice-visual-review.json; evidence/after/logs/runbook-results.json; evidence/after/accessibility/results.json; evidence/after/targeted/results.json; evidence/after/practice-states/results.json; evidence/after/practice-header/results.json,Actual source/interaction checks plus completed whole-body and supplemental component image inspection; see completion report for methods and limits.
QA004,Palette,Allpages,Đo contrast body/muted/heading/đúng/sai/warnings trên surface thực tế,"Normal>=4.5:1, large>=3:1; màu có ý nghĩa còn","320,390,768,1366",Contrastnumbers+ảnhstates,PASS,2f6eadb67fd1d5e07e58f4684dab5812002458f2,implementation/visual-review.json; implementation/practice-visual-review.json; evidence/after/logs/runbook-results.json; evidence/after/accessibility/results.json; evidence/after/targeted/results.json; evidence/after/practice-states/results.json; evidence/after/practice-header/results.json; evidence/after/contrast/results.json; evidence/after/surface-contrast/results.json; evidence/after/practice-inputs/results.json,Actual source/interaction checks plus completed whole-body and supplemental component image inspection; see completion report for methods and limits.
QA005,Cards,Alltabbody,Xem border/padding/nestedgrid/tiêu đề dài/nguồn dài,Không text outsideborder/overlap/giãn fixedheight,"320,390,768,1366",Ảnhcard có văn bản dài,PASS,2f6eadb67fd1d5e07e58f4684dab5812002458f2,implementation/visual-review.json; implementation/practice-visual-review.json; evidence/after/logs/runbook-results.json; evidence/after/accessibility/results.json; evidence/after/targeted/results.json; evidence/after/practice-states/results.json; evidence/after/practice-header/results.json,Actual source/interaction checks plus completed whole-body and supplemental component image inspection; see completion report for methods and limits.
QA006,Overflow,Allpages,Đo documentwidth; xét từng intentionalwrapper/ranh giới chữ thực tế,"Documentkhông cuộn ngang; wrapperintentional cócue, reachlastcolumn","320,390,768,1366",Metrics+ảnh/cuộnvisual,PASS,2f6eadb67fd1d5e07e58f4684dab5812002458f2,implementation/visual-review.json; implementation/practice-visual-review.json; evidence/after/logs/runbook-results.json; evidence/after/accessibility/results.json; evidence/after/targeted/results.json; evidence/after/practice-states/results.json; evidence/after/practice-header/results.json,Actual source/interaction checks plus completed whole-body and supplemental component image inspection; see completion report for methods and limits.
QA007,Navigation,Theoryall,Chọn chương đầu/giữa/cuối và review/coa,Mọi tab reachable; active/picker sync,"320,390,768,1366",Recording/screenshots+testlog,PASS,2f6eadb67fd1d5e07e58f4684dab5812002458f2,implementation/visual-review.json; implementation/practice-visual-review.json; evidence/after/logs/runbook-results.json; evidence/after/accessibility/results.json; evidence/after/targeted/results.json; evidence/after/practice-states/results.json; evidence/after/practice-header/results.json,Actual source/interaction checks plus completed whole-body and supplemental component image inspection; see completion report for methods and limits.
QA008,Navigation,Deep-scroll,Cuộn giữa/cuối trướcđổi tab vàTOCanchor,"Heading dướistickyheader cóspacing, focus đúng","320,390,768,1366",Ảnhheader+headingbounds,PASS,2f6eadb67fd1d5e07e58f4684dab5812002458f2,implementation/visual-review.json; implementation/practice-visual-review.json; evidence/after/logs/runbook-results.json; evidence/after/accessibility/results.json; evidence/after/targeted/results.json; evidence/after/practice-states/results.json; evidence/after/practice-header/results.json,Actual source/interaction checks plus completed whole-body and supplemental component image inspection; see completion report for methods and limits.
QA009,Navigation,Breakpoints,Resize767↔768; practice1279↔1280; font loading,"Không mấtchapterselection, arrows/picker/currentstate rõ","767,768,1279,1280",Boundary screenshots,PASS,2f6eadb67fd1d5e07e58f4684dab5812002458f2,implementation/visual-review.json; implementation/practice-visual-review.json; evidence/after/logs/runbook-results.json; evidence/after/accessibility/results.json; evidence/after/targeted/results.json; evidence/after/practice-states/results.json; evidence/after/practice-header/results.json,Actual source/interaction checks plus completed whole-body and supplemental component image inspection; see completion report for methods and limits.
QA010,Header,Fixture signedin/out,Longaccountname+bộ đếm online bốn chữ số+subjectsubtitle,Khôngchen/clipped/chechapter/content; authlinks giữ,"320,390,768,1366",Fixtureảnh320/390/desktop,PASS,2f6eadb67fd1d5e07e58f4684dab5812002458f2,implementation/visual-review.json; implementation/practice-visual-review.json; evidence/after/logs/runbook-results.json; evidence/after/accessibility/results.json; evidence/after/targeted/results.json; evidence/after/practice-states/results.json; evidence/after/practice-header/results.json,Actual source/interaction checks plus completed whole-body and supplemental component image inspection; see completion report for methods and limits.
QA011,Keyboard,Interactiveall,Tab/ShiftTab/Enter/Space/native radios/Escape,Focus rõ; mọi thao tác callable; không kẹt focus ngoài modal,"320,390,768,1366",Keyboardtestlog/recording,PASS,2f6eadb67fd1d5e07e58f4684dab5812002458f2,implementation/visual-review.json; implementation/practice-visual-review.json; evidence/after/logs/runbook-results.json; evidence/after/accessibility/results.json; evidence/after/targeted/results.json; evidence/after/practice-states/results.json; evidence/after/practice-header/results.json; evidence/after/input-methods-final/results.json; evidence/after/touch/results.json; evidence/after/practice-inputs/results.json,Actual source/interaction checks plus completed whole-body and supplemental component image inspection; see completion report for methods and limits.
QA012,Touch,Phone,Taplựa chọn dài/flipcard/toggle/nav/scroller,"44pxhitarea, không chỉ dùng hover; tap activates đúng","320,390,768,1366",Touchtestlog,PASS,2f6eadb67fd1d5e07e58f4684dab5812002458f2,implementation/visual-review.json; implementation/practice-visual-review.json; evidence/after/logs/runbook-results.json; evidence/after/accessibility/results.json; evidence/after/targeted/results.json; evidence/after/practice-states/results.json; evidence/after/practice-header/results.json; evidence/after/input-methods-final/results.json; evidence/after/touch/results.json; evidence/after/practice-inputs/results.json,Actual source/interaction checks plus completed whole-body and supplemental component image inspection; see completion report for methods and limits.
QA013,Zoom,Prose/flashcards/tables/nav,"200% textzoom, đọc longest strings",Khôngmissingtext/overlap; reflow/intentionaltable scroll,"320,390,768; zoom200%",Actualzoomevidence,PASS,2f6eadb67fd1d5e07e58f4684dab5812002458f2,implementation/visual-review.json; implementation/practice-visual-review.json; evidence/after/logs/runbook-results.json; evidence/after/accessibility/results.json; evidence/after/targeted/results.json; evidence/after/practice-states/results.json; evidence/after/practice-header/results.json; evidence/after/zoom/results.json; evidence/after/diagram-zoom/results.json; evidence/after/pyramid/results.json,"200% text-size expansion preserves SVG geometry. Prose/navigation/tables and scoped diagram labels inspected; horizontal scroll reach tested. This is text zoom, not browser page zoom or physical-device testing."
QA014,Reducedmotion,Flip/navigation/modal,Enableprefers-reduced-motion rồiactivate,"Usable ítmotion, state/focus đúng","320,390,768,1366",Emulationresult,PASS,2f6eadb67fd1d5e07e58f4684dab5812002458f2,implementation/visual-review.json; implementation/practice-visual-review.json; evidence/after/logs/runbook-results.json; evidence/after/accessibility/results.json; evidence/after/targeted/results.json; evidence/after/practice-states/results.json; evidence/after/practice-header/results.json,Actual source/interaction checks plus completed whole-body and supplemental component image inspection; see completion report for methods and limits.
QA015,Flipcards,NLKT/NLTTTC/STKN/TLUD/VHDD,"Lậtmọi thẻ cả2 mặt,đáp án dài nhất,zoom","Maxfaceheight fits, không chồng nội dung, eventdata/aria nguyên","320,390,768,1366",Before-aftermặt thẻ dài nhất+log mọi thẻ,PASS,2f6eadb67fd1d5e07e58f4684dab5812002458f2,implementation/visual-review.json; implementation/practice-visual-review.json; evidence/after/logs/runbook-results.json; evidence/after/accessibility/results.json; evidence/after/targeted/results.json; evidence/after/practice-states/results.json; evidence/after/practice-header/results.json,Actual source/interaction checks plus completed whole-body and supplemental component image inspection; see completion report for methods and limits.
QA016,Flipcards,KTTC/KTQT/TCCN/LTMQT,Kiểmvariantintrinsic cả2 mặt,Không regression do sharedstyles; không đổiunnecessary,"320,390,768,1366",Screenshots+log,PASS,2f6eadb67fd1d5e07e58f4684dab5812002458f2,implementation/visual-review.json; implementation/practice-visual-review.json; evidence/after/logs/runbook-results.json; evidence/after/accessibility/results.json; evidence/after/targeted/results.json; evidence/after/practice-states/results.json; evidence/after/practice-header/results.json,Actual source/interaction checks plus completed whole-body and supplemental component image inspection; see completion report for methods and limits.
QA017,KTCT,Ch2/3rawmath,Openstaticbody vàeverycalculatoroutput,"Native×→/sub/sup, không còn $...$ hoặc TeX thô","320,390,768,1366",Before-afterK01,PASS,2f6eadb67fd1d5e07e58f4684dab5812002458f2,implementation/visual-review.json; implementation/practice-visual-review.json; evidence/after/logs/runbook-results.json; evidence/after/accessibility/results.json; evidence/after/targeted/results.json; evidence/after/practice-states/results.json; evidence/after/practice-header/results.json,Actual source/interaction checks plus completed whole-body and supplemental component image inspection; see completion report for methods and limits.
QA018,KTCT,Matharithmetic,Comparebaseline defaults+custom+invalidconstraints,Results/rounding/errors/minmaxstep unchanged,"320,390,768,1366",Input-output table+ngoại lệ code đã ghi,PASS,2f6eadb67fd1d5e07e58f4684dab5812002458f2,implementation/visual-review.json; implementation/practice-visual-review.json; evidence/after/logs/runbook-results.json; evidence/after/accessibility/results.json; evidence/after/targeted/results.json; evidence/after/practice-states/results.json; evidence/after/practice-header/results.json,Actual source/interaction checks plus completed whole-body and supplemental component image inspection; see completion report for methods and limits.
QA019,KTCT,Inputlayout,Entersố dài320/390 với3fields,Label/fullvalue/submit/output accessible,"320,390,768,1366",Phoneinput screenshots,PASS,2f6eadb67fd1d5e07e58f4684dab5812002458f2,implementation/visual-review.json; implementation/practice-visual-review.json; evidence/after/logs/runbook-results.json; evidence/after/accessibility/results.json; evidence/after/targeted/results.json; evidence/after/practice-states/results.json; evidence/after/practice-header/results.json,Actual source/interaction checks plus completed whole-body and supplemental component image inspection; see completion report for methods and limits.
QA020,NMLH,Ch5Phápnhân,"Actualranh giới chữ vsborder, bothdesktopandphone",Khôngnhầmpaddingoverflow thànhmissingtext; fixsize ifneeded,"320,390,768,1366",Bounds+visualN01,PASS,2f6eadb67fd1d5e07e58f4684dab5812002458f2,implementation/visual-review.json; implementation/practice-visual-review.json; evidence/after/logs/runbook-results.json; evidence/after/accessibility/results.json; evidence/after/targeted/results.json; evidence/after/practice-states/results.json; evidence/after/practice-header/results.json,Actual source/interaction checks plus completed whole-body and supplemental component image inspection; see completion report for methods and limits.
QA021,NMLH,Ch6penaltygrid,Readlonggroupsphone,"Groups/prose dễđọc, legalclassification unchanged","320,390,768,1366",Phone screenshot,PASS,2f6eadb67fd1d5e07e58f4684dab5812002458f2,implementation/visual-review.json; implementation/practice-visual-review.json; evidence/after/logs/runbook-results.json; evidence/after/accessibility/results.json; evidence/after/targeted/results.json; evidence/after/practice-states/results.json; evidence/after/practice-header/results.json,Actual source/interaction checks plus completed whole-body and supplemental component image inspection; see completion report for methods and limits.
QA022,NLKT,coa/filter/journals,Longaccountsearch/clear/finalcolumns/TOC,"Data/search original, readable headings/cells","320,390,768,1366",Interaction+table screenshots,PASS,2f6eadb67fd1d5e07e58f4684dab5812002458f2,implementation/visual-review.json; implementation/practice-visual-review.json; evidence/after/logs/runbook-results.json; evidence/after/accessibility/results.json; evidence/after/targeted/results.json; evidence/after/practice-states/results.json; evidence/after/practice-header/results.json,Actual source/interaction checks plus completed whole-body and supplemental component image inspection; see completion report for methods and limits.
QA023,KTTC,Tables/cardhead,Scroll620–680table toend andlongbadgeheader,Mọi ô/33events giữ; titlewrap,"320,390,768,1366",Dấu hiệu cuộn bảng/badges evidence,PASS,2f6eadb67fd1d5e07e58f4684dab5812002458f2,implementation/visual-review.json; implementation/practice-visual-review.json; evidence/after/logs/runbook-results.json; evidence/after/accessibility/results.json; evidence/after/targeted/results.json; evidence/after/practice-states/results.json; evidence/after/practice-header/results.json,Actual source/interaction checks plus completed whole-body and supplemental component image inspection; see completion report for methods and limits.
QA024,KTQT,Graphs/ASCII/table,Readaxes/unit/legend vàVMPKillustration,Các nhãn có ý nghĩa/segments preserved; dấu hiệu cuộn nếuneeded,"320,390,768,1366",Before-after diagrams,PASS,2f6eadb67fd1d5e07e58f4684dab5812002458f2,implementation/visual-review.json; implementation/practice-visual-review.json; evidence/after/logs/runbook-results.json; evidence/after/accessibility/results.json; evidence/after/targeted/results.json; evidence/after/practice-states/results.json; evidence/after/practice-header/results.json,Actual source/interaction checks plus completed whole-body and supplemental component image inspection; see completion report for methods and limits.
QA025,TCCN,Emptyblocks,Expandcollapsed salary/goals/insurance/placeholdervisuals,"Ngữ cảnh nguồn retrievable, limitationsclear, nofakedata","320,390,768,1366",Before-afteremptyblocks,PASS,2f6eadb67fd1d5e07e58f4684dab5812002458f2,implementation/visual-review.json; implementation/practice-visual-review.json; evidence/after/logs/runbook-results.json; evidence/after/accessibility/results.json; evidence/after/targeted/results.json; evidence/after/practice-states/results.json; evidence/after/practice-header/results.json,Actual source/interaction checks plus completed whole-body and supplemental component image inspection; see completion report for methods and limits.
QA026,TCCN,Longchapters/calculators,TOCjump vàinput/lưu state,Phép tính/constraints/storage unchanged; comfortablelayout,"320,390,768,1366",Anchor/input evidence,PASS,2f6eadb67fd1d5e07e58f4684dab5812002458f2,implementation/visual-review.json; implementation/practice-visual-review.json; evidence/after/logs/runbook-results.json; evidence/after/accessibility/results.json; evidence/after/targeted/results.json; evidence/after/practice-states/results.json; evidence/after/practice-header/results.json,Actual source/interaction checks plus completed whole-body and supplemental component image inspection; see completion report for methods and limits.
QA027,VHDD,Padding/matrix/continuum/map,Measureinnercard width320; viewlongcountry/sources,"Nodoublepadding, không cắt nội dung, modelrelationships giữ","320,390,768,1366",320/390matrixscreenshots,PASS,2f6eadb67fd1d5e07e58f4684dab5812002458f2,implementation/visual-review.json; implementation/practice-visual-review.json; evidence/after/logs/runbook-results.json; evidence/after/accessibility/results.json; evidence/after/targeted/results.json; evidence/after/practice-states/results.json; evidence/after/practice-header/results.json,Actual source/interaction checks plus completed whole-body and supplemental component image inspection; see completion report for methods and limits.
QA028,TLUD,Operantmatrix,Read3semanticcolumns andreinforcementnhãn dài,"Headerassociation/answercells unchanged,nohiddenclipping","320,390,768,1366",Matrix320/390 before-after,PASS,2f6eadb67fd1d5e07e58f4684dab5812002458f2,implementation/visual-review.json; implementation/practice-visual-review.json; evidence/after/logs/runbook-results.json; evidence/after/accessibility/results.json; evidence/after/targeted/results.json; evidence/after/practice-states/results.json; evidence/after/practice-header/results.json,Actual source/interaction checks plus completed whole-body and supplemental component image inspection; see completion report for methods and limits.
QA029,TLUD,Gallery/autogrid/reviewdeck,Nestedcontainers/filters/flip/reset,No min-contentoverflow; deck phạm vi Ch1–4/operant rõ,"320,390,768,1366",Grid/deck evidence,PASS,2f6eadb67fd1d5e07e58f4684dab5812002458f2,implementation/visual-review.json; implementation/practice-visual-review.json; evidence/after/logs/runbook-results.json; evidence/after/accessibility/results.json; evidence/after/targeted/results.json; evidence/after/practice-states/results.json; evidence/after/practice-header/results.json,Actual source/interaction checks plus completed whole-body and supplemental component image inspection; see completion report for methods and limits.
QA030,STKN,Venn/wheel,Open320–768 and interactbuttons,Labelsreadable không scalequánhỏ; mọi nhóm/relations giữ,"320,390,768,1366",Before-afterdiagrams,PASS,2f6eadb67fd1d5e07e58f4684dab5812002458f2,implementation/visual-review.json; implementation/practice-visual-review.json; evidence/after/logs/runbook-results.json; evidence/after/accessibility/results.json; evidence/after/targeted/results.json; evidence/after/practice-states/results.json; evidence/after/practice-header/results.json,Actual source/interaction checks plus completed whole-body and supplemental component image inspection; see completion report for methods and limits.
QA031,STKN,Empathy/ring/workspaces,Longusertext vàtabletinnerwidth641–1024,No center/traitcollision; các mô hình trong nguồn vẫn riêng biệt,"320,390,641,768,820,900,1024",Screenshots+inputlog,PASS,2f6eadb67fd1d5e07e58f4684dab5812002458f2,implementation/visual-review.json; implementation/practice-visual-review.json; evidence/after/logs/runbook-results.json; evidence/after/accessibility/results.json; evidence/after/targeted/results.json; evidence/after/practice-states/results.json; evidence/after/practice-header/results.json,Actual source/interaction checks plus completed whole-body and supplemental component image inspection; see completion report for methods and limits.
QA032,Darkdecorativepanels,STKN/NLTTTC/PTBV/practice,Openallnestedpanels/đúng/sai/categorystates,Text/borders contrastcoherent; thẻ mũ đen/ý nghĩa đồ thị giữ,"320,390,768,1366",State screenshots,PASS,2f6eadb67fd1d5e07e58f4684dab5812002458f2,implementation/visual-review.json; implementation/practice-visual-review.json; evidence/after/logs/runbook-results.json; evidence/after/accessibility/results.json; evidence/after/targeted/results.json; evidence/after/practice-states/results.json; evidence/after/practice-header/results.json,Actual source/interaction checks plus completed whole-body and supplemental component image inspection; see completion report for methods and limits.
QA033,NLTTTC,Functionwheel/sources,Centre+4 node at768–1024 andphone; nguồn dàis,Nooverlap/nowrapcut; referenceattached,"320,390,768,820,900,1024",Wheel/source screenshots,PASS,2f6eadb67fd1d5e07e58f4684dab5812002458f2,implementation/visual-review.json; implementation/practice-visual-review.json; evidence/after/logs/runbook-results.json; evidence/after/accessibility/results.json; evidence/after/targeted/results.json; evidence/after/practice-states/results.json; evidence/after/practice-header/results.json,Actual source/interaction checks plus completed whole-body and supplemental component image inspection; see completion report for methods and limits.
QA034,NLTTTC,Timeline/calculators/missingtables,Scrolllasttile; showblankshiftcells; giá trị input,Cueclear/missingdatahonest/mathunchanged,"320,390,768,1366",Timeline/table/calc evidence,PASS,2f6eadb67fd1d5e07e58f4684dab5812002458f2,implementation/visual-review.json; implementation/practice-visual-review.json; evidence/after/logs/runbook-results.json; evidence/after/accessibility/results.json; evidence/after/targeted/results.json; evidence/after/practice-states/results.json; evidence/after/practice-header/results.json,Actual source/interaction checks plus completed whole-body and supplemental component image inspection; see completion report for methods and limits.
QA035,PTBV,Goals/quizdual,LongSDGlabels andanswerblocks641–800,"No clipping, correctfeedback/quan hệ với câu hỏi","320,390,641,768,800",Screenshots,PASS,2f6eadb67fd1d5e07e58f4684dab5812002458f2,implementation/visual-review.json; implementation/practice-visual-review.json; evidence/after/logs/runbook-results.json; evidence/after/accessibility/results.json; evidence/after/targeted/results.json; evidence/after/practice-states/results.json; evidence/after/practice-header/results.json,Actual source/interaction checks plus completed whole-body and supplemental component image inspection; see completion report for methods and limits.
QA036,PTBV,Modal/FAB,Openclose/Escape/Tab/scrolllastrow/landscapekeyboard,"Mọi phần bản đồ truy cập được, focus trap+return, FABkhông chồng nội dung","320x568,390x844,844x390,768x1024",Modalrecording,PASS,2f6eadb67fd1d5e07e58f4684dab5812002458f2,implementation/visual-review.json; implementation/practice-visual-review.json; evidence/after/logs/runbook-results.json; evidence/after/accessibility/results.json; evidence/after/targeted/results.json; evidence/after/practice-states/results.json; evidence/after/practice-header/results.json,Actual source/interaction checks plus completed whole-body and supplemental component image inspection; see completion report for methods and limits.
QA037,LTMQT,Matching/sort/case/mindmap,Longrulelabel; move/sort/reset; typecaseanswer,"Controls không bóp nhãn, score/data/modeloriginal","320,390,641,768,1366",Touchkeyboardrecording,PASS,2f6eadb67fd1d5e07e58f4684dab5812002458f2,implementation/visual-review.json; implementation/practice-visual-review.json; evidence/after/logs/runbook-results.json; evidence/after/accessibility/results.json; evidence/after/targeted/results.json; evidence/after/practice-states/results.json; evidence/after/practice-header/results.json,Actual source/interaction checks plus completed whole-body and supplemental component image inspection; see completion report for methods and limits.
QA038,Pilots,4routesnumeric,Openoverview/everyset/question1..n,Counts3/4/5/6 bộ theo chương;20 câu riêng; numericdurations/indexes display,"320,390,768,1366",Perroute/screenshots+dataaudit,PASS,2f6eadb67fd1d5e07e58f4684dab5812002458f2,implementation/visual-review.json; implementation/practice-visual-review.json; evidence/after/logs/runbook-results.json; evidence/after/accessibility/results.json; evidence/after/targeted/results.json; evidence/after/practice-states/results.json; evidence/after/practice-header/results.json,Actual source/interaction checks plus completed whole-body and supplemental component image inspection; see completion report for methods and limits.
QA039,Pilots,Invaliddisplayvalues,Rendererunit/data-fixture null/undefined/NaN vsfinite,"Finitevisible, invalidnotrubbish; normalizationsafeTextunchanged","320,390,768,1366",Narrowrendererproof,PASS,2f6eadb67fd1d5e07e58f4684dab5812002458f2,implementation/visual-review.json; implementation/practice-visual-review.json; evidence/after/logs/runbook-results.json; evidence/after/accessibility/results.json; evidence/after/targeted/results.json; evidence/after/practice-states/results.json; evidence/after/practice-header/results.json,Actual source/interaction checks plus completed whole-body and supplemental component image inspection; see completion report for methods and limits.
QA040,Practicecards,All6routes,Openeverymode/everyset câu hỏi dài/options/explanation,"Prose16px/label readable, nestedcards/stickyactions fit","320,390,768,1366",Coverage+setmatrix,PASS,2f6eadb67fd1d5e07e58f4684dab5812002458f2,implementation/visual-review.json; implementation/practice-visual-review.json; evidence/after/logs/runbook-results.json; evidence/after/accessibility/results.json; evidence/after/targeted/results.json; evidence/after/practice-states/results.json; evidence/after/practice-header/results.json,Actual source/interaction checks plus completed whole-body and supplemental component image inspection; see completion report for methods and limits.
QA041,Practicebehavior,AllMCQsets,"Selectwrong,change,correct,unanswered,submit,repeat,lock,retry",Samebaseline answers/scoring/state/errors/explanation; không ghi dữ liệu production,"320,390,768,1366",Setstatechecklist+fixturelogs,PASS,2f6eadb67fd1d5e07e58f4684dab5812002458f2,implementation/visual-review.json; implementation/practice-visual-review.json; evidence/after/logs/runbook-results.json; evidence/after/accessibility/results.json; evidence/after/targeted/results.json; evidence/after/practice-states/results.json; evidence/after/practice-header/results.json,Actual source/interaction checks plus completed whole-body and supplemental component image inspection; see completion report for methods and limits.
QA042,Timer,TCCNrealcountdown,Wallclockexpiry/autosubmit/retry/background ifsupported,Timersemantics unchanged; pilotslabelgợiý nofakecountdown,"390,1366; layoutall4",Timerfixturelog,PASS,2f6eadb67fd1d5e07e58f4684dab5812002458f2,implementation/visual-review.json; implementation/practice-visual-review.json; evidence/after/logs/runbook-results.json; evidence/after/accessibility/results.json; evidence/after/targeted/results.json; evidence/after/practice-states/results.json; evidence/after/practice-header/results.json,"184 state matrix deadline tests plus actual timer interval expiry at 390/1366; one attempt only, interval clears, retry resets; pilot durations remain suggestions."
QA043,Storage,Practicesupportedstorage,Valid/malformed/blockedstorage; empty/populatedmistakes,No crash/incorrectscore; existingfallback/data preserved,"320,390,768,1366",Fixturefailurelogs,PASS,2f6eadb67fd1d5e07e58f4684dab5812002458f2,implementation/visual-review.json; implementation/practice-visual-review.json; evidence/after/logs/runbook-results.json; evidence/after/accessibility/results.json; evidence/after/targeted/results.json; evidence/after/practice-states/results.json; evidence/after/practice-header/results.json,Actual source/interaction checks plus completed whole-body and supplemental component image inspection; see completion report for methods and limits.
QA044,NLKTcases,3guidedcases,Open/show/hidesolution andlongtables,Noautogradepromise; case trong nguồn/solution unchanged,"320,390,768,1366",Case screenshots,PASS,2f6eadb67fd1d5e07e58f4684dab5812002458f2,implementation/visual-review.json; implementation/practice-visual-review.json; evidence/after/logs/runbook-results.json; evidence/after/accessibility/results.json; evidence/after/targeted/results.json; evidence/after/practice-states/results.json; evidence/after/practice-header/results.json,Actual source/interaction checks plus completed whole-body and supplemental component image inspection; see completion report for methods and limits.
QA045,TCCNpractice,Overview+exam5cards,Countconfigured vsrendered +modepicker,Copycountactual5; eligiblebank/timer unaffected,"320,390,768,1366",Data/rendercomparison,PASS,2f6eadb67fd1d5e07e58f4684dab5812002458f2,implementation/visual-review.json; implementation/practice-visual-review.json; evidence/after/logs/runbook-results.json; evidence/after/accessibility/results.json; evidence/after/targeted/results.json; evidence/after/practice-states/results.json; evidence/after/practice-header/results.json,Actual source/interaction checks plus completed whole-body and supplemental component image inspection; see completion report for methods and limits.
QA046,Homeavailability,6practice+LuậtDN,ClickNMLH+KTQT+LTMQT+NLTTTC+TCCN+NLKT CTAs,Correctexistingroutes; LuậtDNcomingsoon remainshonest,"320,390,768,1366",Linkwalkthrough,PASS,2f6eadb67fd1d5e07e58f4684dab5812002458f2,implementation/visual-review.json; implementation/practice-visual-review.json; evidence/after/logs/runbook-results.json; evidence/after/accessibility/results.json; evidence/after/targeted/results.json; evidence/after/practice-states/results.json; evidence/after/practice-header/results.json,Actual source/interaction checks plus completed whole-body and supplemental component image inspection; see completion report for methods and limits.
QA047,Copy,Allcopycandidate rows,Before/after exactinđúng chương/UI sinh từ script/aria,"No internalnarration, noý nghĩa học thuật/mất mức bất định","320,390,768,1366",Exacteditjournal+COPYcsv,PASS,2f6eadb67fd1d5e07e58f4684dab5812002458f2,implementation/visual-review.json; implementation/practice-visual-review.json; evidence/after/logs/runbook-results.json; evidence/after/accessibility/results.json; evidence/after/targeted/results.json; evidence/after/practice-states/results.json; evidence/after/practice-header/results.json,Actual source/interaction checks plus completed whole-body and supplemental component image inspection; see completion report for methods and limits.
QA048,Contentpreservation,All12theory/6practice,Fullbaseline triển khai hiện tại snapshot +allowlist hẹp,Facts/math/banks/keys/constraints/IDs/runtimeexceptformat protected,"320,390,768,1366",PRESERVATION checklist+diff,PASS,2f6eadb67fd1d5e07e58f4684dab5812002458f2,implementation/visual-review.json; implementation/practice-visual-review.json; evidence/after/logs/runbook-results.json; evidence/after/accessibility/results.json; evidence/after/targeted/results.json; evidence/after/practice-states/results.json; evidence/after/practice-header/results.json,Actual source/interaction checks plus completed whole-body and supplemental component image inspection; see completion report for methods and limits.
QA049,Staticchecks,HTML/sharedJS/inlinehandlers,Runstatic/preservation/trace/selftests/diffchecks,"PASS, no broadlyweakenedtests; all37ornewactualscriptscompiled",Source checks,Commands/exitcodes/logs,PASS,2f6eadb67fd1d5e07e58f4684dab5812002458f2,implementation/visual-review.json; implementation/practice-visual-review.json; evidence/after/logs/runbook-results.json; evidence/after/accessibility/results.json; evidence/after/targeted/results.json; evidence/after/practice-states/results.json; evidence/after/practice-header/results.json,Actual source/interaction checks plus completed whole-body and supplemental component image inspection; see completion report for methods and limits.
QA050,Browserregression,Routes/theory/practice,Runfullallowedautomation/manualequiv; retainoldcoverage,"Fullruns, nofilters disguised;6practices+4viewports covered","320,390,768,1366",Log+coverage evidence,PASS,2f6eadb67fd1d5e07e58f4684dab5812002458f2,implementation/visual-review.json; implementation/practice-visual-review.json; evidence/after/logs/runbook-results.json; evidence/after/accessibility/results.json; evidence/after/targeted/results.json; evidence/after/practice-states/results.json; evidence/after/practice-header/results.json,Actual source/interaction checks plus completed whole-body and supplemental component image inspection; see completion report for methods and limits.
QA051,Finalhandoff,Branch/commit/report,Reviewallfiles/checklistclosure/evidencepaths,No mandatoryTODO/FAIL/BLOCKED; no deployment; concretebranch/draftPR,Finalreview,Completionreport+commit,PASS,2f6eadb67fd1d5e07e58f4684dab5812002458f2,implementation/visual-review.json; implementation/practice-visual-review.json; evidence/after/logs/runbook-results.json; evidence/after/accessibility/results.json; evidence/after/targeted/results.json; evidence/after/practice-states/results.json; evidence/after/practice-header/results.json,Actual source/interaction checks plus completed whole-body and supplemental component image inspection; see completion report for methods and limits.
